name_ja,unique_en_count,name_en,occurrence_count,source_architect_id,source_line
"日建設計",2,"NIKKEN SEKKEI",104,17,17
"日建設計",2,"NIKKEN SEKKEI",104,152,121
"日建設計",2,"NIKKEN SEKKEI",104,542,303
"日建設計",2,"NIKKEN SEKKEI",104,1743,815
"日建設計",2,"NIKKEN SEKKEI",104,2374,1073
"日建設計",2,"NIKKEN SEKKEI",104,2476,1109
"日建設計",2,"NIKKEN SEKKEI",104,2637,1168
"日建設計",2,"NIKKEN SEKKEI",104,2796,1224
"日建設計",2,"NIKKEN SEKKEI",104,2954,1284
"日建設計",2,"NIKKEN SEKKEI",104,3644,1568
"日建設計",2,"NIKKEN SEKKEI",104,3680,1581
"日建設計",2,"NIKKEN SEKKEI",104,3691,1585
"日建設計",2,"NIKKEN SEKKEI",104,3765,1617
"日建設計",2,"NIKKEN SEKKEI",104,4110,1791
"日建設計",2,"NIKKEN SEKKEI",104,4266,1845
"日建設計",2,"NIKKEN SEKKEI",104,4267,1846
"日建設計",2,"NIKKEN SEKKEI",104,4316,1866
"日建設計",2,"NIKKEN SEKKEI",104,4330,1872
"日建設計",2,"NIKKEN SEKKEI",104,4398,1892
"日建設計",2,"NIKKEN SEKKEI",104,4542,1947
"日建設計",2,"NIKKEN SEKKEI",104,4707,2016
"日建設計",2,"NIKKEN SEKKEI",104,4745,2028
"日建設計",2,"NIKKEN SEKKEI",104,4777,2041
"日建設計",2,"NIKKEN SEKKEI",104,4845,2075
"日建設計",2,"NIKKEN SEKKEI",104,4846,2076
"日建設計",2,"NIKKEN SEKKEI",104,4973,2148
"日建設計",2,"NIKKEN SEKKEI",104,5077,2190
"日建設計",2,"NIKKEN SEKKEI",104,5088,2196
"日建設計",2,"NIKKEN SEKKEI",104,5195,2249
"日建設計",2,"NIKKEN SEKKEI",104,5234,2270
"日建設計",2,"NIKKEN SEKKEI",104,5277,2295
"日建設計",2,"NIKKEN SEKKEI",104,5372,2340
"日建設計",2,"NIKKEN SEKKEI",104,5477,2394
"日建設計",2,"NIKKEN SEKKEI",104,5667,2486
"日建設計",2,"NIKKEN SEKKEI",104,5757,2535
"日建設計",2,"NIKKEN SEKKEI",104,5825,2574
"日建設計",2,"NIKKEN SEKKEI",104,5915,2615
"日建設計",2,"NIKKEN SEKKEI",104,6037,2682
"日建設計",2,"NIKKEN SEKKEI",104,6288,2803
"日建設計",2,"NIKKEN SEKKEI",104,6483,2894
"日建設計",2,"NIKKEN SEKKEI",104,6500,2908
"日建設計",2,"NIKKEN SEKKEI",104,6523,2920
"日建設計",2,"NIKKEN SEKKEI",104,6664,2994
"日建設計",2,"NIKKEN SEKKEI",104,6665,2995
"日建設計",2,"NIKKEN SEKKEI",104,6696,3011
"日建設計",2,"NIKKEN SEKKEI",104,6736,3027
"日建設計",2,"NIKKEN SEKKEI",104,6811,3055
"日建設計",2,"NIKKEN SEKKEI",104,6911,3109
"日建設計",2,"NIKKEN SEKKEI",104,6914,3111
"日建設計",2,"NIKKEN SEKKEI",104,6917,3114
"日建設計",2,"NIKKEN SEKKEI",104,7010,3157
"日建設計",2,"NIKKEN SEKKEI",104,7027,3166
"日建設計",2,"NIKKEN SEKKEI",104,7028,3167
"日建設計",2,"NIKKEN SEKKEI",104,7426,3358
"日建設計",2,"NIKKEN SEKKEI",104,7555,3422
"日建設計",2,"NIKKEN SEKKEI",104,7606,3457
"日建設計",2,"NIKKEN SEKKEI",104,7696,3510
"日建設計",2,"NIKKEN SEKKEI",104,7734,3529
"日建設計",2,"NIKKEN SEKKEI",104,7735,3530
"日建設計",2,"NIKKEN SEKKEI",104,7755,3540
"日建設計",2,"NIKKEN SEKKEI",104,7879,3597
"日建設計",2,"NIKKEN SEKKEI",104,7900,3606
"日建設計",2,"NIKKEN SEKKEI",104,7970,3654
"日建設計",2,"NIKKEN SEKKEI",104,8024,3680
"日建設計",2,"NIKKEN SEKKEI",104,8083,3705
"日建設計",2,"NIKKEN SEKKEI",104,8085,3707
"日建設計",2,"NIKKEN SEKKEI",104,8116,3728
"日建設計",2,"NIKKEN SEKKEI",104,8169,3757
"日建設計",2,"NIKKEN SEKKEI",104,8238,3796
"日建設計",2,"NIKKEN SEKKEI",104,8280,3815
"日建設計",2,"NIKKEN SEKKEI",104,8281,3816
"日建設計",2,"NIKKEN SEKKEI",104,8312,3836
"日建設計",2,"NIKKEN SEKKEI",104,8351,3858
"日建設計",2,"NIKKEN SEKKEI",104,8402,3884
"日建設計",2,"NIKKEN SEKKEI",104,8411,3889
"日建設計",2,"NIKKEN SEKKEI",104,8470,3923
"日建設計",2,"NIKKEN SEKKEI",104,8510,3946
"日建設計",2,"NIKKEN SEKKEI",104,8580,3981
"日建設計",2,"NIKKEN SEKKEI",104,8609,4002
"日建設計",2,"NIKKEN SEKKEI",104,8679,4039
"日建設計",2,"NIKKEN SEKKEI",104,8696,4047
"日建設計",2,"NIKKEN SEKKEI",104,8727,4061
"日建設計",2,"NIKKEN SEKKEI",104,8739,4068
"日建設計",2,"NIKKEN SEKKEI",104,8832,4122
"日建設計",2,"NIKKEN SEKKEI",104,8836,4124
"日建設計",2,"NIKKEN SEKKEI",104,8860,4135
"日建設計",2,"NIKKEN SEKKEI",104,8881,4145
"日建設計",2,"NIKKEN SEKKEI",104,8985,4207
"日建設計",2,"NIKKEN SEKKEI",104,9071,4258
"日建設計",2,"NIKKEN SEKKEI",104,9163,4312
"日建設計",2,"NIKKEN SEKKEI",104,9239,4359
"日建設計",2,"NIKKEN SEKKEI",104,9281,4389
"日建設計",2,"NIKKEN SEKKEI",104,9339,4422
"日建設計",2,"NIKKEN SEKKEI",104,9341,4424
"日建設計",2,"NIKKEN SEKKEI",104,9351,4432
"日建設計",2,"NIKKEN SEKKEI",104,9509,4532
"日建設計",2,"NIKKEN SEKKEI",104,9705,4642
"日建設計",2,"NIKKEN SEKKEI",104,9753,4667
"日建設計",2,"NIKKEN SEKKEI",104,9887,4742
"日建設計",2,"NIKKEN SEKKEI",104,10016,4813
"日建設計",2,"NIKKEN SEKKEI",104,10046,4828
"日建設計",2,"NIKKEN SEKKEI",104,10115,4860
"日建設計",2,"NIKKEN SEKKEI",104,10167,4892
"日建設計",2,"NIKKEN SEKKEI",104,10168,4893
"日建設計",2,"NIKKEN SEKKEI, TOKYO",5,380,236
"日建設計",2,"NIKKEN SEKKEI, TOKYO",5,875,435
"日建設計",2,"NIKKEN SEKKEI, TOKYO",5,1155,554
"日建設計",2,"NIKKEN SEKKEI, TOKYO",5,1458,687
"日建設計",2,"NIKKEN SEKKEI, TOKYO",5,1551,720
"清水建設",2,"SHIMIZU CORPORATION",53,113,94
"清水建設",2,"SHIMIZU CORPORATION",53,2727,1203
"清水建設",2,"SHIMIZU CORPORATION",53,2813,1227
"清水建設",2,"SHIMIZU CORPORATION",53,2862,1248
"清水建設",2,"SHIMIZU CORPORATION",53,3024,1310
"清水建設",2,"SHIMIZU CORPORATION",53,3044,1318
"清水建設",2,"SHIMIZU CORPORATION",53,3506,1512
"清水建設",2,"SHIMIZU CORPORATION",53,3587,1544
"清水建設",2,"SHIMIZU CORPORATION",53,3708,1593
"清水建設",2,"SHIMIZU CORPORATION",53,3744,1608
"清水建設",2,"SHIMIZU CORPORATION",53,3941,1708
"清水建設",2,"SHIMIZU CORPORATION",53,4010,1744
"清水建設",2,"SHIMIZU CORPORATION",53,4103,1786
"清水建設",2,"SHIMIZU CORPORATION",53,4110,1791
"清水建設",2,"SHIMIZU CORPORATION",53,4492,1927
"清水建設",2,"SHIMIZU CORPORATION",53,5193,2248
"清水建設",2,"SHIMIZU CORPORATION",53,5652,2479
"清水建設",2,"SHIMIZU CORPORATION",53,5653,2480
"清水建設",2,"SHIMIZU CORPORATION",53,6017,2669
"清水建設",2,"SHIMIZU CORPORATION",53,6157,2746
"清水建設",2,"SHIMIZU CORPORATION",53,6399,2850
"清水建設",2,"SHIMIZU CORPORATION",53,6448,2879
"清水建設",2,"SHIMIZU CORPORATION",53,6523,2920
"清水建設",2,"SHIMIZU CORPORATION",53,6570,2947
"清水建設",2,"SHIMIZU CORPORATION",53,6627,2977
"清水建設",2,"SHIMIZU CORPORATION",53,6711,3015
"清水建設",2,"SHIMIZU CORPORATION",53,6829,3062
"清水建設",2,"SHIMIZU CORPORATION",53,6850,3073
"清水建設",2,"SHIMIZU CORPORATION",53,7027,3166
"清水建設",2,"SHIMIZU CORPORATION",53,7029,3168
"清水建設",2,"SHIMIZU CORPORATION",53,7034,3172
"清水建設",2,"SHIMIZU CORPORATION",53,7380,3338
"清水建設",2,"SHIMIZU CORPORATION",53,7730,3528
"清水建設",2,"SHIMIZU CORPORATION",53,7784,3556
"清水建設",2,"SHIMIZU CORPORATION",53,7810,3566
"清水建設",2,"SHIMIZU CORPORATION",53,7878,3596
"清水建設",2,"SHIMIZU CORPORATION",53,7933,3630
"清水建設",2,"SHIMIZU CORPORATION",53,7968,3652
"清水建設",2,"SHIMIZU CORPORATION",53,8083,3705
"清水建設",2,"SHIMIZU CORPORATION",53,8084,3706
"清水建設",2,"SHIMIZU CORPORATION",53,8133,3737
"清水建設",2,"SHIMIZU CORPORATION",53,8178,3762
"清水建設",2,"SHIMIZU CORPORATION",53,8393,3878
"清水建設",2,"SHIMIZU CORPORATION",53,8757,4076
"清水建設",2,"SHIMIZU CORPORATION",53,8924,4171
"清水建設",2,"SHIMIZU CORPORATION",53,8970,4199
"清水建設",2,"SHIMIZU CORPORATION",53,9053,4247
"清水建設",2,"SHIMIZU CORPORATION",53,9274,4383
"清水建設",2,"SHIMIZU CORPORATION",53,9443,4493
"清水建設",2,"SHIMIZU CORPORATION",53,9753,4667
"清水建設",2,"SHIMIZU CORPORATION",53,9797,4689
"清水建設",2,"SHIMIZU CORPORATION",53,9880,4738
"清水建設",2,"SHIMIZU CORPORATION",53,10046,4828
"清水建設",2,"SHIMIZU CORPORATION DESIGN DIVISION",6,3509,1513
"清水建設",2,"SHIMIZU CORPORATION DESIGN DIVISION",6,4403,1894
"清水建設",2,"SHIMIZU CORPORATION DESIGN DIVISION",6,5056,2179
"清水建設",2,"SHIMIZU CORPORATION DESIGN DIVISION",6,5344,2329
"清水建設",2,"SHIMIZU CORPORATION DESIGN DIVISION",6,7294,3299
"清水建設",2,"SHIMIZU CORPORATION DESIGN DIVISION",6,7331,3315
"設計共同体",5,"JV",43,3540,1521
"設計共同体",5,"JV",43,4020,1749
"設計共同体",5,"JV",43,4354,1880
"設計共同体",5,"JV",43,5369,2338
"設計共同体",5,"JV",43,5388,2348
"設計共同体",5,"JV",43,5743,2529
"設計共同体",5,"JV",43,5897,2606
"設計共同体",5,"JV",43,6021,2672
"設計共同体",5,"JV",43,6022,2673
"設計共同体",5,"JV",43,6046,2689
"設計共同体",5,"JV",43,6190,2761
"設計共同体",5,"JV",43,6492,2900
"設計共同体",5,"JV",43,6680,3001
"設計共同体",5,"JV",43,6845,3070
"設計共同体",5,"JV",43,7118,3213
"設計共同体",5,"JV",43,7182,3233
"設計共同体",5,"JV",43,7242,3272
"設計共同体",5,"JV",43,7758,3543
"設計共同体",5,"JV",43,7915,3615
"設計共同体",5,"JV",43,7929,3627
"設計共同体",5,"JV",43,8066,3697
"設計共同体",5,"JV",43,8099,3717
"設計共同体",5,"JV",43,8293,3823
"設計共同体",5,"JV",43,8358,3862
"設計共同体",5,"JV",43,8363,3863
"設計共同体",5,"JV",43,8396,3880
"設計共同体",5,"JV",43,8399,3882
"設計共同体",5,"JV",43,8596,3993
"設計共同体",5,"JV",43,8765,4083
"設計共同体",5,"JV",43,9071,4258
"設計共同体",5,"JV",43,9143,4300
"設計共同体",5,"JV",43,9144,4301
"設計共同体",5,"JV",43,9154,4306
"設計共同体",5,"JV",43,9166,4314
"設計共同体",5,"JV",43,9384,4451
"設計共同体",5,"JV",43,9403,4465
"設計共同体",5,"JV",43,9439,4490
"設計共同体",5,"JV",43,9600,4579
"設計共同体",5,"JV",43,9611,4588
"設計共同体",5,"JV",43,9808,4695
"設計共同体",5,"JV",43,9956,4780
"設計共同体",5,"JV",43,10073,4844
"設計共同体",5,"JV",43,10127,4865
"設計共同体",5,"DESIGN JOINT VENTURE",1,6954,3129
"設計共同体",5,"JOINT VENTURE FOR ARCHITECTURAL DESIGN WORK",1,7312,3308
"設計共同体",5,"DESIGN COMMUNITY",1,8480,3929
"設計共同体",5,"DESIGN PARTNERSHIP",1,9948,4777
"設計共同企業体",6,"DESIGN JOINT VENTURE",4,467,275
"設計共同企業体",6,"DESIGN JOINT VENTURE",4,1749,818
"設計共同企業体",6,"DESIGN JOINT VENTURE",4,1949,903
"設計共同企業体",6,"DESIGN JOINT VENTURE",4,8083,3705
"設計共同企業体",6,"DESIGN J.V.",1,2677,1179
"設計共同企業体",6,"JV",36,2728,1204
"設計共同企業体",6,"JV",36,3143,1360
"設計共同企業体",6,"JV",36,3172,1372
"設計共同企業体",6,"JV",36,3982,1726
"設計共同企業体",6,"JV",36,4313,1863
"設計共同企業体",6,"JV",36,4344,1876
"設計共同企業体",6,"JV",36,4394,1891
"設計共同企業体",6,"JV",36,4940,2122
"設計共同企業体",6,"JV",36,5088,2196
"設計共同企業体",6,"JV",36,5195,2249
"設計共同企業体",6,"JV",36,5216,2259
"設計共同企業体",6,"JV",36,5244,2276
"設計共同企業体",6,"JV",36,5264,2287
"設計共同企業体",6,"JV",36,5758,2536
"設計共同企業体",6,"JV",36,5760,2538
"設計共同企業体",6,"JV",36,6118,2727
"設計共同企業体",6,"JV",36,6379,2836
"設計共同企業体",6,"JV",36,6393,2845
"設計共同企業体",6,"JV",36,6402,2852
"設計共同企業体",6,"JV",36,6711,3015
"設計共同企業体",6,"JV",36,6850,3073
"設計共同企業体",6,"JV",36,7009,3156
"設計共同企業体",6,"JV",36,8084,3706
"設計共同企業体",6,"JV",36,8164,3756
"設計共同企業体",6,"JV",36,8172,3758
"設計共同企業体",6,"JV",36,8351,3858
"設計共同企業体",6,"JV",36,8595,3992
"設計共同企業体",6,"JV",36,8777,4090
"設計共同企業体",6,"JV",36,8971,4200
"設計共同企業体",6,"JV",36,9053,4247
"設計共同企業体",6,"JV",36,9258,4374
"設計共同企業体",6,"JV",36,9405,4467
"設計共同企業体",6,"JV",36,9450,4498
"設計共同企業体",6,"JV",36,9657,4615
"設計共同企業体",6,"JV",36,9753,4667
"設計共同企業体",6,"JV",36,9768,4674
"設計共同企業体",6,"JOINT VENTURE",2,3940,1707
"設計共同企業体",6,"JOINT VENTURE",2,6399,2850
"設計共同企業体",6,"PROJECT CONSORTIUM",1,7416,3355
"設計共同企業体",6,"JOINT VENTURE FOR ARCHITECTURAL DESIGN WORK",2,8238,3796
"設計共同企業体",6,"JOINT VENTURE FOR ARCHITECTURAL DESIGN WORK",2,9274,4383
"共同企業体",6,"JOINT VENTURE",5,436,264
"共同企業体",6,"JOINT VENTURE",5,2254,1020
"共同企業体",6,"JOINT VENTURE",5,5148,2229
"共同企業体",6,"JOINT VENTURE",5,8484,3930
"共同企業体",6,"JOINT VENTURE",5,9789,4687
"共同企業体",6,"JV",29,3894,1683
"共同企業体",6,"JV",29,4635,1993
"共同企業体",6,"JV",29,4974,2149
"共同企業体",6,"JV",29,5164,2237
"共同企業体",6,"JV",29,5693,2498
"共同企業体",6,"JV",29,6286,2801
"共同企業体",6,"JV",29,6869,3085
"共同企業体",6,"JV",29,6897,3100
"共同企業体",6,"JV",29,7016,3161
"共同企業体",6,"JV",29,7202,3244
"共同企業体",6,"JV",29,7402,3348
"共同企業体",6,"JV",29,7605,3456
"共同企業体",6,"JV",29,7825,3573
"共同企業体",6,"JV",29,7839,3577
"共同企業体",6,"JV",29,7901,3607
"共同企業体",6,"JV",29,8169,3757
"共同企業体",6,"JV",29,8366,3864
"共同企業体",6,"JV",29,8529,3956
"共同企業体",6,"JV",29,8531,3958
"共同企業体",6,"JV",29,8617,4006
"共同企業体",6,"JV",29,8653,4022
"共同企業体",6,"JV",29,9125,4291
"共同企業体",6,"JV",29,9214,4344
"共同企業体",6,"JV",29,9349,4430
"共同企業体",6,"JV",29,9397,4460
"共同企業体",6,"JV",29,9613,4589
"共同企業体",6,"JV",29,9744,4665
"共同企業体",6,"JV",29,9904,4755
"共同企業体",6,"JV",29,10135,4869
"共同企業体",6,"J. V.",2,4415,1898
"共同企業体",6,"J. V.",2,4416,1899
"共同企業体",6,"CONSORTIUM",1,4815,2058
"共同企業体",6,"PROJECT CONSORTIUM",1,7555,3422
"共同企業体",6,"JOINT VENTURE FOR ARCHITECTURAL DESIGN WORK",1,8739,4068
"隈研吾建築都市設計事務所",2,"KENGO KUMA & ASSOCIATES",25,2937,1278
"隈研吾建築都市設計事務所",2,"KENGO KUMA & ASSOCIATES",25,3529,1517
"隈研吾建築都市設計事務所",2,"KENGO KUMA & ASSOCIATES",25,4947,2129
"隈研吾建築都市設計事務所",2,"KENGO KUMA & ASSOCIATES",25,5139,2224
"隈研吾建築都市設計事務所",2,"KENGO KUMA & ASSOCIATES",25,5612,2461
"隈研吾建築都市設計事務所",2,"KENGO KUMA & ASSOCIATES",25,5613,2462
"隈研吾建築都市設計事務所",2,"KENGO KUMA & ASSOCIATES",25,5768,2540
"隈研吾建築都市設計事務所",2,"KENGO KUMA & ASSOCIATES",25,6044,2687
"隈研吾建築都市設計事務所",2,"KENGO KUMA & ASSOCIATES",25,6377,2835
"隈研吾建築都市設計事務所",2,"KENGO KUMA & ASSOCIATES",25,6379,2836
"隈研吾建築都市設計事務所",2,"KENGO KUMA & ASSOCIATES",25,6443,2876
"隈研吾建築都市設計事務所",2,"KENGO KUMA & ASSOCIATES",25,6483,2894
"隈研吾建築都市設計事務所",2,"KENGO KUMA & ASSOCIATES",25,6691,3007
"隈研吾建築都市設計事務所",2,"KENGO KUMA & ASSOCIATES",25,6729,3022
"隈研吾建築都市設計事務所",2,"KENGO KUMA & ASSOCIATES",25,6730,3023
"隈研吾建築都市設計事務所",2,"KENGO KUMA & ASSOCIATES",25,7009,3156
"隈研吾建築都市設計事務所",2,"KENGO KUMA & ASSOCIATES",25,7975,3656
"隈研吾建築都市設計事務所",2,"KENGO KUMA & ASSOCIATES",25,8133,3737
"隈研吾建築都市設計事務所",2,"KENGO KUMA & ASSOCIATES",25,8175,3760
"隈研吾建築都市設計事務所",2,"KENGO KUMA & ASSOCIATES",25,8755,4074
"隈研吾建築都市設計事務所",2,"KENGO KUMA & ASSOCIATES",25,8881,4145
"隈研吾建築都市設計事務所",2,"KENGO KUMA & ASSOCIATES",25,9238,4358
"隈研吾建築都市設計事務所",2,"KENGO KUMA & ASSOCIATES",25,9342,4425
"隈研吾建築都市設計事務所",2,"KENGO KUMA & ASSOCIATES",25,9423,4480
"隈研吾建築都市設計事務所",2,"KENGO KUMA & ASSOCIATES",25,9444,4494
"隈研吾建築都市設計事務所",2,"KENGO KUMA AND ASSOCIATES",14,6863,3081
"隈研吾建築都市設計事務所",2,"KENGO KUMA AND ASSOCIATES",14,7739,3533
"隈研吾建築都市設計事務所",2,"KENGO KUMA AND ASSOCIATES",14,7809,3565
"隈研吾建築都市設計事務所",2,"KENGO KUMA AND ASSOCIATES",14,8228,3790
"隈研吾建築都市設計事務所",2,"KENGO KUMA AND ASSOCIATES",14,8420,3896
"隈研吾建築都市設計事務所",2,"KENGO KUMA AND ASSOCIATES",14,8484,3930
"隈研吾建築都市設計事務所",2,"KENGO KUMA AND ASSOCIATES",14,8985,4207
"隈研吾建築都市設計事務所",2,"KENGO KUMA AND ASSOCIATES",14,9000,4220
"隈研吾建築都市設計事務所",2,"KENGO KUMA AND ASSOCIATES",14,9265,4378
"隈研吾建築都市設計事務所",2,"KENGO KUMA AND ASSOCIATES",14,9275,4384
"隈研吾建築都市設計事務所",2,"KENGO KUMA AND ASSOCIATES",14,9397,4460
"隈研吾建築都市設計事務所",2,"KENGO KUMA AND ASSOCIATES",14,9439,4490
"隈研吾建築都市設計事務所",2,"KENGO KUMA AND ASSOCIATES",14,9665,4620
"隈研吾建築都市設計事務所",2,"KENGO KUMA AND ASSOCIATES",14,9819,4702
"安藤忠雄建築研究所",2,"TADAO ANDO ARCHITECT & ASSOCIATES",26,340,218
"安藤忠雄建築研究所",2,"TADAO ANDO ARCHITECT & ASSOCIATES",26,1456,685
"安藤忠雄建築研究所",2,"TADAO ANDO ARCHITECT & ASSOCIATES",26,3302,1435
"安藤忠雄建築研究所",2,"TADAO ANDO ARCHITECT & ASSOCIATES",26,3707,1592
"安藤忠雄建築研究所",2,"TADAO ANDO ARCHITECT & ASSOCIATES",26,5066,2184
"安藤忠雄建築研究所",2,"TADAO ANDO ARCHITECT & ASSOCIATES",26,5247,2278
"安藤忠雄建築研究所",2,"TADAO ANDO ARCHITECT & ASSOCIATES",26,5372,2340
"安藤忠雄建築研究所",2,"TADAO ANDO ARCHITECT & ASSOCIATES",26,5408,2359
"安藤忠雄建築研究所",2,"TADAO ANDO ARCHITECT & ASSOCIATES",26,5554,2430
"安藤忠雄建築研究所",2,"TADAO ANDO ARCHITECT & ASSOCIATES",26,5675,2490
"安藤忠雄建築研究所",2,"TADAO ANDO ARCHITECT & ASSOCIATES",26,6483,2894
"安藤忠雄建築研究所",2,"TADAO ANDO ARCHITECT & ASSOCIATES",26,6498,2906
"安藤忠雄建築研究所",2,"TADAO ANDO ARCHITECT & ASSOCIATES",26,6499,2907
"安藤忠雄建築研究所",2,"TADAO ANDO ARCHITECT & ASSOCIATES",26,6500,2908
"安藤忠雄建築研究所",2,"TADAO ANDO ARCHITECT & ASSOCIATES",26,6613,2968
"安藤忠雄建築研究所",2,"TADAO ANDO ARCHITECT & ASSOCIATES",26,6614,2969
"安藤忠雄建築研究所",2,"TADAO ANDO ARCHITECT & ASSOCIATES",26,6696,3011
"安藤忠雄建築研究所",2,"TADAO ANDO ARCHITECT & ASSOCIATES",26,7101,3204
"安藤忠雄建築研究所",2,"TADAO ANDO ARCHITECT & ASSOCIATES",26,7333,3317
"安藤忠雄建築研究所",2,"TADAO ANDO ARCHITECT & ASSOCIATES",26,8041,3687
"安藤忠雄建築研究所",2,"TADAO ANDO ARCHITECT & ASSOCIATES",26,8815,4111
"安藤忠雄建築研究所",2,"TADAO ANDO ARCHITECT & ASSOCIATES",26,9150,4304
"安藤忠雄建築研究所",2,"TADAO ANDO ARCHITECT & ASSOCIATES",26,9400,4463
"安藤忠雄建築研究所",2,"TADAO ANDO ARCHITECT & ASSOCIATES",26,9522,4537
"安藤忠雄建築研究所",2,"TADAO ANDO ARCHITECT & ASSOCIATES",26,9552,4555
"安藤忠雄建築研究所",2,"TADAO ANDO ARCHITECT & ASSOCIATES",26,10016,4813
"安藤忠雄建築研究所",2,"TADAO ANDO",4,3077,1332
"安藤忠雄建築研究所",2,"TADAO ANDO",4,3320,1445
"安藤忠雄建築研究所",2,"TADAO ANDO",4,5754,2533
"安藤忠雄建築研究所",2,"TADAO ANDO",4,6871,3087
"坂倉建築研究所大阪事務所",4,"SAKAKURA ASSOCIATES ARCHITECTS AND ENGINEERS",12,110,92
"坂倉建築研究所大阪事務所",4,"SAKAKURA ASSOCIATES ARCHITECTS AND ENGINEERS",12,2332,1056
"坂倉建築研究所大阪事務所",4,"SAKAKURA ASSOCIATES ARCHITECTS AND ENGINEERS",12,2472,1106
"坂倉建築研究所大阪事務所",4,"SAKAKURA ASSOCIATES ARCHITECTS AND ENGINEERS",12,2473,1107
"坂倉建築研究所大阪事務所",4,"SAKAKURA ASSOCIATES ARCHITECTS AND ENGINEERS",12,2728,1204
"坂倉建築研究所大阪事務所",4,"SAKAKURA ASSOCIATES ARCHITECTS AND ENGINEERS",12,2729,1205
"坂倉建築研究所大阪事務所",4,"SAKAKURA ASSOCIATES ARCHITECTS AND ENGINEERS",12,3313,1442
"坂倉建築研究所大阪事務所",4,"SAKAKURA ASSOCIATES ARCHITECTS AND ENGINEERS",12,3431,1488
"坂倉建築研究所大阪事務所",4,"SAKAKURA ASSOCIATES ARCHITECTS AND ENGINEERS",12,3878,1677
"坂倉建築研究所大阪事務所",4,"SAKAKURA ASSOCIATES ARCHITECTS AND ENGINEERS",12,4291,1853
"坂倉建築研究所大阪事務所",4,"SAKAKURA ASSOCIATES ARCHITECTS AND ENGINEERS",12,4816,2059
"坂倉建築研究所大阪事務所",4,"SAKAKURA ASSOCIATES ARCHITECTS AND ENGINEERS",12,5080,2192
"坂倉建築研究所大阪事務所",4,"SAKAKURA ARCHITECTS & ENGINEERS OSAKA OFFICE",6,675,361
"坂倉建築研究所大阪事務所",4,"SAKAKURA ARCHITECTS & ENGINEERS OSAKA OFFICE",6,709,368
"坂倉建築研究所大阪事務所",4,"SAKAKURA ARCHITECTS & ENGINEERS OSAKA OFFICE",6,780,398
"坂倉建築研究所大阪事務所",4,"SAKAKURA ARCHITECTS & ENGINEERS OSAKA OFFICE",6,781,399
"坂倉建築研究所大阪事務所",4,"SAKAKURA ARCHITECTS & ENGINEERS OSAKA OFFICE",6,1625,755
"坂倉建築研究所大阪事務所",4,"SAKAKURA ARCHITECTS & ENGINEERS OSAKA OFFICE",6,3777,1624
"坂倉建築研究所大阪事務所",4,"SAKAKURA ARCHITECTURAL INSTITUTE OSAKA OFFICE",4,777,396
"坂倉建築研究所大阪事務所",4,"SAKAKURA ARCHITECTURAL INSTITUTE OSAKA OFFICE",4,779,397
"坂倉建築研究所大阪事務所",4,"SAKAKURA ARCHITECTURAL INSTITUTE OSAKA OFFICE",4,1276,604
"坂倉建築研究所大阪事務所",4,"SAKAKURA ARCHITECTURAL INSTITUTE OSAKA OFFICE",4,1624,754
"坂倉建築研究所大阪事務所",4,"SAKAKURA ARCHITECTS OSAKA OFFICE",1,1675,781
"鹿島建設",2,"KAJIMA CORPORATION",11,2,3
"鹿島建設",2,"KAJIMA CORPORATION",11,1688,788
"鹿島建設",2,"KAJIMA CORPORATION",11,1751,820
"鹿島建設",2,"KAJIMA CORPORATION",11,1847,862
"鹿島建設",2,"KAJIMA CORPORATION",11,2568,1144
"鹿島建設",2,"KAJIMA CORPORATION",11,2686,1184
"鹿島建設",2,"KAJIMA CORPORATION",11,3026,1312
"鹿島建設",2,"KAJIMA CORPORATION",11,9159,4309
"鹿島建設",2,"KAJIMA CORPORATION",11,9281,4389
"鹿島建設",2,"KAJIMA CORPORATION",11,9782,4682
"鹿島建設",2,"KAJIMA CORPORATION",11,10154,4885
"鹿島建設",2,"KAJIMA DESIGN",4,6262,2790
"鹿島建設",2,"KAJIMA DESIGN",4,6400,2851
"鹿島建設",2,"KAJIMA DESIGN",4,6492,2900
"鹿島建設",2,"KAJIMA DESIGN",4,8278,3814
"坂倉建築研究所東京事務所",2,"SAKAKURA ASSOCIATES ARCHITECTS AND ENGINEERS",7,92,79
"坂倉建築研究所東京事務所",2,"SAKAKURA ASSOCIATES ARCHITECTS AND ENGINEERS",7,3394,1476
"坂倉建築研究所東京事務所",2,"SAKAKURA ASSOCIATES ARCHITECTS AND ENGINEERS",7,3581,1542
"坂倉建築研究所東京事務所",2,"SAKAKURA ASSOCIATES ARCHITECTS AND ENGINEERS",7,4364,1884
"坂倉建築研究所東京事務所",2,"SAKAKURA ASSOCIATES ARCHITECTS AND ENGINEERS",7,5254,2280
"坂倉建築研究所東京事務所",2,"SAKAKURA ASSOCIATES ARCHITECTS AND ENGINEERS",7,5278,2296
"坂倉建築研究所東京事務所",2,"SAKAKURA ASSOCIATES ARCHITECTS AND ENGINEERS",7,5349,2331
"坂倉建築研究所東京事務所",2,"SAKAKURA ARCHITECTS & ENGINEERS TOKYO OFFICE",6,1035,504
"坂倉建築研究所東京事務所",2,"SAKAKURA ARCHITECTS & ENGINEERS TOKYO OFFICE",6,1083,523
"坂倉建築研究所東京事務所",2,"SAKAKURA ARCHITECTS & ENGINEERS TOKYO OFFICE",6,1233,584
"坂倉建築研究所東京事務所",2,"SAKAKURA ARCHITECTS & ENGINEERS TOKYO OFFICE",6,1257,594
"坂倉建築研究所東京事務所",2,"SAKAKURA ARCHITECTS & ENGINEERS TOKYO OFFICE",6,1331,634
"坂倉建築研究所東京事務所",2,"SAKAKURA ARCHITECTS & ENGINEERS TOKYO OFFICE",6,1719,806
"岡田新一設計事務所",2,"OKADA & ASSOCIATES",11,21,20
"岡田新一設計事務所",2,"OKADA & ASSOCIATES",11,814,412
"岡田新一設計事務所",2,"OKADA & ASSOCIATES",11,2954,1284
"岡田新一設計事務所",2,"OKADA & ASSOCIATES",11,3419,1481
"岡田新一設計事務所",2,"OKADA & ASSOCIATES",11,3894,1683
"岡田新一設計事務所",2,"OKADA & ASSOCIATES",11,3974,1722
"岡田新一設計事務所",2,"OKADA & ASSOCIATES",11,4089,1779
"岡田新一設計事務所",2,"OKADA & ASSOCIATES",11,4302,1857
"岡田新一設計事務所",2,"OKADA & ASSOCIATES",11,4607,1980
"岡田新一設計事務所",2,"OKADA & ASSOCIATES",11,5079,2191
"岡田新一設計事務所",2,"OKADA & ASSOCIATES",11,6493,2901
"岡田新一設計事務所",2,"SHINICHI OKADA",1,7696,3510
"三菱地所",2,"MITSUBISHI ESTATE ARCHITECTURAL & ENGINEERING OFFICE",10,124,104
"三菱地所",2,"MITSUBISHI ESTATE ARCHITECTURAL & ENGINEERING OFFICE",10,1324,631
"三菱地所",2,"MITSUBISHI ESTATE ARCHITECTURAL & ENGINEERING OFFICE",10,1743,815
"三菱地所",2,"MITSUBISHI ESTATE ARCHITECTURAL & ENGINEERING OFFICE",10,2567,1143
"三菱地所",2,"MITSUBISHI ESTATE ARCHITECTURAL & ENGINEERING OFFICE",10,3477,1502
"三菱地所",2,"MITSUBISHI ESTATE ARCHITECTURAL & ENGINEERING OFFICE",10,4355,1881
"三菱地所",2,"MITSUBISHI ESTATE ARCHITECTURAL & ENGINEERING OFFICE",10,4398,1892
"三菱地所",2,"MITSUBISHI ESTATE ARCHITECTURAL & ENGINEERING OFFICE",10,4548,1951
"三菱地所",2,"MITSUBISHI ESTATE ARCHITECTURAL & ENGINEERING OFFICE",10,4848,2077
"三菱地所",2,"MITSUBISHI ESTATE ARCHITECTURAL & ENGINEERING OFFICE",10,5136,2222
"三菱地所",2,"MITSUBISHI ESTATE CO., LTD",2,3949,1712
"三菱地所",2,"MITSUBISHI ESTATE CO., LTD",2,3951,1713
"松田平田設計",2,"MHS PLANNERS, ARCHITECTS & ENGINEERS",11,3169,1371
"松田平田設計",2,"MHS PLANNERS, ARCHITECTS & ENGINEERS",11,3210,1390
"松田平田設計",2,"MHS PLANNERS, ARCHITECTS & ENGINEERS",11,3626,1562
"松田平田設計",2,"MHS PLANNERS, ARCHITECTS & ENGINEERS",11,4307,1859
"松田平田設計",2,"MHS PLANNERS, ARCHITECTS & ENGINEERS",11,5590,2449
"松田平田設計",2,"MHS PLANNERS, ARCHITECTS & ENGINEERS",11,5693,2498
"松田平田設計",2,"MHS PLANNERS, ARCHITECTS & ENGINEERS",11,5738,2526
"松田平田設計",2,"MHS PLANNERS, ARCHITECTS & ENGINEERS",11,5760,2538
"松田平田設計",2,"MHS PLANNERS, ARCHITECTS & ENGINEERS",11,7599,3454
"松田平田設計",2,"MHS PLANNERS, ARCHITECTS & ENGINEERS",11,8499,3939
"松田平田設計",2,"MHS PLANNERS, ARCHITECTS & ENGINEERS",11,9241,4361
"松田平田設計",2,"MHS",1,7016,3161
"設計組織ADH",2,"ADH ARCHITECTS",7,3324,1447
"設計組織ADH",2,"ADH ARCHITECTS",7,3412,1480
"設計組織ADH",2,"ADH ARCHITECTS",7,3594,1548
"設計組織ADH",2,"ADH ARCHITECTS",7,4149,1801
"設計組織ADH",2,"ADH ARCHITECTS",7,4581,1967
"設計組織ADH",2,"ADH ARCHITECTS",7,5225,2266
"設計組織ADH",2,"ADH ARCHITECTS",7,6011,2664
"設計組織ADH",2,"ADH",5,6021,2672
"設計組織ADH",2,"ADH",5,6022,2673
"設計組織ADH",2,"ADH",5,6955,3130
"設計組織ADH",2,"ADH",5,9440,4491
"設計組織ADH",2,"ADH",5,10035,4823
"妹島和世＋西沢立衛／SANAA",3,"KAZUYO SEJIMA+RYUE NISHIZAWA/SANAA",2,5006,2161
"妹島和世＋西沢立衛／SANAA",3,"KAZUYO SEJIMA+RYUE NISHIZAWA/SANAA",2,7173,3231
"妹島和世＋西沢立衛／SANAA",3,"KAZUYO SEJIMA + RYUE NISHIZAWA / SANAA",6,5902,2608
"妹島和世＋西沢立衛／SANAA",3,"KAZUYO SEJIMA + RYUE NISHIZAWA / SANAA",6,6126,2729
"妹島和世＋西沢立衛／SANAA",3,"KAZUYO SEJIMA + RYUE NISHIZAWA / SANAA",6,6142,2737
"妹島和世＋西沢立衛／SANAA",3,"KAZUYO SEJIMA + RYUE NISHIZAWA / SANAA",6,6144,2739
"妹島和世＋西沢立衛／SANAA",3,"KAZUYO SEJIMA + RYUE NISHIZAWA / SANAA",6,7617,3462
"妹島和世＋西沢立衛／SANAA",3,"KAZUYO SEJIMA + RYUE NISHIZAWA / SANAA",6,8690,4044
"妹島和世＋西沢立衛／SANAA",3,"KAZUYO SEJIMA+RYUE NISHIZAWA / SANAA",2,6575,2949
"妹島和世＋西沢立衛／SANAA",3,"KAZUYO SEJIMA+RYUE NISHIZAWA / SANAA",2,6968,3137
"古谷誠章／NASCA",4,"NASCA",2,5476,2393
"古谷誠章／NASCA",4,"NASCA",2,10167,4892
"古谷誠章／NASCA",4,"NOBUAKI FURUYA/NASCA",5,5901,2607
"古谷誠章／NASCA",4,"NOBUAKI FURUYA/NASCA",5,6808,3053
"古谷誠章／NASCA",4,"NOBUAKI FURUYA/NASCA",5,9016,4229
"古谷誠章／NASCA",4,"NOBUAKI FURUYA/NASCA",5,9374,4444
"古谷誠章／NASCA",4,"NOBUAKI FURUYA/NASCA",5,9375,4445
"古谷誠章／NASCA",4,"NOBUAKI FURUYA + NASCA",2,6807,3052
"古谷誠章／NASCA",4,"NOBUAKI FURUYA + NASCA",2,7202,3244
"古谷誠章／NASCA",4,"FURUYA NOBUAKI+NASCA",1,7939,3634
"日建設計・大阪",2,"NIKKEN SEKKEI",1,11,12
"日建設計・大阪",2,"NIKKEN SEKKEI, OSAKA OFFICE",8,1010,495
"日建設計・大阪",2,"NIKKEN SEKKEI, OSAKA OFFICE",8,1011,496
"日建設計・大阪",2,"NIKKEN SEKKEI, OSAKA OFFICE",8,1422,676
"日建設計・大阪",2,"NIKKEN SEKKEI, OSAKA OFFICE",8,1839,858
"日建設計・大阪",2,"NIKKEN SEKKEI, OSAKA OFFICE",8,1947,901
"日建設計・大阪",2,"NIKKEN SEKKEI, OSAKA OFFICE",8,2028,935
"日建設計・大阪",2,"NIKKEN SEKKEI, OSAKA OFFICE",8,2306,1043
"日建設計・大阪",2,"NIKKEN SEKKEI, OSAKA OFFICE",8,2344,1063
"手塚貴晴＋手塚由比／手塚建築研究所",4,"TAKAHARU TEZUKA＋YUI TEZUKA／TEZUKA ARCHITECTS",4,4924,2114
"手塚貴晴＋手塚由比／手塚建築研究所",4,"TAKAHARU TEZUKA＋YUI TEZUKA／TEZUKA ARCHITECTS",4,5107,2206
"手塚貴晴＋手塚由比／手塚建築研究所",4,"TAKAHARU TEZUKA＋YUI TEZUKA／TEZUKA ARCHITECTS",4,5729,2521
"手塚貴晴＋手塚由比／手塚建築研究所",4,"TAKAHARU TEZUKA＋YUI TEZUKA／TEZUKA ARCHITECTS",4,7408,3349
"手塚貴晴＋手塚由比／手塚建築研究所",4,"TAKAHARU+YUI TEZUKA / TEZUKA ARCHITECTS",2,6368,2832
"手塚貴晴＋手塚由比／手塚建築研究所",4,"TAKAHARU+YUI TEZUKA / TEZUKA ARCHITECTS",2,6480,2893
"手塚貴晴＋手塚由比／手塚建築研究所",4,"TAKAHARU+YUI TEZUKA/TEZUKA ARCHITECTS",1,6787,3046
"手塚貴晴＋手塚由比／手塚建築研究所",4,"TAKAHARU TEZUKA+YUI TEZUKA/TEZUKA ARCHITECTS",2,6915,3112
"手塚貴晴＋手塚由比／手塚建築研究所",4,"TAKAHARU TEZUKA+YUI TEZUKA/TEZUKA ARCHITECTS",2,9126,4292
"中村拓志／NAP建築設計事務所",3,"HIROSHI NAKAMURA&NAP",6,6224,2777
"中村拓志／NAP建築設計事務所",3,"HIROSHI NAKAMURA&NAP",6,7508,3404
"中村拓志／NAP建築設計事務所",3,"HIROSHI NAKAMURA&NAP",6,8904,4161
"中村拓志／NAP建築設計事務所",3,"HIROSHI NAKAMURA&NAP",6,9467,4509
"中村拓志／NAP建築設計事務所",3,"HIROSHI NAKAMURA&NAP",6,9500,4529
"中村拓志／NAP建築設計事務所",3,"HIROSHI NAKAMURA&NAP",6,9555,4556
"中村拓志／NAP建築設計事務所",3,"NAP ARCHITECTS",2,6891,3096
"中村拓志／NAP建築設計事務所",3,"NAP ARCHITECTS",2,7014,3159
"中村拓志／NAP建築設計事務所",3,"HIROSHI NAKAMURA/NAP ARCHITECTS",1,7016,3161
"成瀬・猪熊建築設計事務所",2,"NARUSE INOKUMA ARCHITECTS",3,7356,3330
"成瀬・猪熊建築設計事務所",2,"NARUSE INOKUMA ARCHITECTS",3,7525,3410
"成瀬・猪熊建築設計事務所",2,"NARUSE INOKUMA ARCHITECTS",3,7853,3588
"成瀬・猪熊建築設計事務所",2,"NARUSE+INOKUMA ARCHITECTS",6,7523,3409
"成瀬・猪熊建築設計事務所",2,"NARUSE+INOKUMA ARCHITECTS",6,8421,3897
"成瀬・猪熊建築設計事務所",2,"NARUSE+INOKUMA ARCHITECTS",6,8893,4153
"成瀬・猪熊建築設計事務所",2,"NARUSE+INOKUMA ARCHITECTS",6,9077,4261
"成瀬・猪熊建築設計事務所",2,"NARUSE+INOKUMA ARCHITECTS",6,9217,4346
"成瀬・猪熊建築設計事務所",2,"NARUSE+INOKUMA ARCHITECTS",6,9945,4775
"共同体",2,"JV",6,3162,1367
"共同体",2,"JV",6,6357,2826
"共同体",2,"JV",6,7261,3283
"共同体",2,"JV",6,7495,3395
"共同体",2,"JV",6,9392,4456
"共同体",2,"JV",6,9511,4534
"共同体",2,"JOINT VENTURE",2,6954,3129
"共同体",2,"JOINT VENTURE",2,8024,3680
"大阪府建築部営繕室",5,"OSAKA PREFECTURAL BUILDING DEPARTMENT REPAIR OFFICE",1,656,347
"大阪府建築部営繕室",5,"OSAKA PREFECTURAL GOVERNMENT",2,1542,717
"大阪府建築部営繕室",5,"OSAKA PREFECTURAL GOVERNMENT",2,4330,1872
"大阪府建築部営繕室",5,"OSAKA PREFECTURAL GOVERNMENT, BUILDING DEPARTMENT, REPAIR OFFICE",1,1706,797
"大阪府建築部営繕室",5,"DEPARTMENT OF CONSTRUCTION, THE OSAKA PREFECTURAL GOVERMENT",1,2610,1160
"大阪府建築部営繕室",5,"OSAKA PREFECTURE",2,3707,1592
"大阪府建築部営繕室",5,"OSAKA PREFECTURE",2,3777,1624
"住宅・都市整備公団",6,"JAPAN HOUSING AND URBAN DEVELOPMENT CORPORATION",1,1719,806
"住宅・都市整備公団",6,"HOUSING AND URBAN DEVELOPMENT CORPORATION",2,1772,829
"住宅・都市整備公団",6,"HOUSING AND URBAN DEVELOPMENT CORPORATION",2,1858,866
"住宅・都市整備公団",6,"THE HOUSING AND URBAN DEVELOPMENT CORPORATION",1,2741,1210
"住宅・都市整備公団",6,"URBAN INFRASTRUCTURE DEVELOPMENT CORPORATION",1,3561,1531
"住宅・都市整備公団",6,"HUDC",1,3862,1670
"住宅・都市整備公団",6,"HOUSING & URBAN DEVELOPMENT CORPORATION",1,4191,1816
"隈研吾",2,"KENGO KUMA",6,2279,1028
"隈研吾",2,"KENGO KUMA",6,2633,1166
"隈研吾",2,"KENGO KUMA",6,2691,1187
"隈研吾",2,"KENGO KUMA",6,3086,1337
"隈研吾",2,"KENGO KUMA",6,5419,2363
"隈研吾",2,"KENGO KUMA",6,9880,4738
"隈研吾",2,"KENGO KUMA AND ASSOCIATES",1,7517,3405
"日総建",2,"NISSOKEN",3,3680,1581
"日総建",2,"NISSOKEN",3,3940,1707
"日総建",2,"NISSOKEN",3,4459,1913
"日総建",2,"NISSOKEN ARCHITECTS/ENGINEERS",4,6262,2790
"日総建",2,"NISSOKEN ARCHITECTS/ENGINEERS",4,6999,3152
"日総建",2,"NISSOKEN ARCHITECTS/ENGINEERS",4,7501,3401
"日総建",2,"NISSOKEN ARCHITECTS/ENGINEERS",4,8143,3742
"エイチアンドエイ",2,"H&A",2,4880,2090
"エイチアンドエイ",2,"H&A",2,5549,2427
"エイチアンドエイ",2,"HIGO DESIGN ASSOCIATES",5,5446,2376
"エイチアンドエイ",2,"HIGO DESIGN ASSOCIATES",5,5653,2480
"エイチアンドエイ",2,"HIGO DESIGN ASSOCIATES",5,7655,3484
"エイチアンドエイ",2,"HIGO DESIGN ASSOCIATES",5,9468,4510
"エイチアンドエイ",2,"HIGO DESIGN ASSOCIATES",5,9469,4511
"曽根幸一・環境設計研究所",4,"KOICHI SONE + ENVIRONMENTAL DESIGN INSTITUTE",1,54,50
"曽根幸一・環境設計研究所",4,"KOICHI SONE & ENVIRONMENTAL DESIGN ASSOCIATES",1,654,346
"曽根幸一・環境設計研究所",4,"KOICHI SONE ENVIRONMENTAL DESIGN INSTITUTE",1,1927,893
"曽根幸一・環境設計研究所",4,"K.SONE&ENVIRONMENTAL DESIGN ASSOCIATES",3,2318,1050
"曽根幸一・環境設計研究所",4,"K.SONE&ENVIRONMENTAL DESIGN ASSOCIATES",3,5524,2413
"曽根幸一・環境設計研究所",4,"K.SONE&ENVIRONMENTAL DESIGN ASSOCIATES",3,6286,2801
"前川國男建築設計事務所",2,"KUNIO MAEKAWA ARCHITECTS & ENGINEERS",5,195,152
"前川國男建築設計事務所",2,"KUNIO MAEKAWA ARCHITECTS & ENGINEERS",5,748,383
"前川國男建築設計事務所",2,"KUNIO MAEKAWA ARCHITECTS & ENGINEERS",5,1556,722
"前川國男建築設計事務所",2,"KUNIO MAEKAWA ARCHITECTS & ENGINEERS",5,1843,860
"前川國男建築設計事務所",2,"KUNIO MAEKAWA ARCHITECTS & ENGINEERS",5,1956,905
"前川國男建築設計事務所",2,"KUNIO MAEKAWA ARCHITECTS",1,290,187
"川崎清＋環境・建築研究所",5,"KIYOSHI KAWASAKI+DESIGN INSTITUTE OF LANDSCAPE & ARCHITECTURE",1,196,153
"川崎清＋環境・建築研究所",5,"KAWASAKI SEIJU ENVIRONMENTAL & ARCHITECTURAL RESEARCH INSTITUTE",1,446,269
"川崎清＋環境・建築研究所",5,"KIYOSHI KAWASAKI + ENVIRONMENTAL BUILDING RESEARCH INSTITUTE",1,1203,571
"川崎清＋環境・建築研究所",5,"KIYOSHI KAWASAKI + ENVIRONMENT & BUILDING RESEARCH INSTITUTE",1,1327,633
"川崎清＋環境・建築研究所",5,"KIYOSHI KAWASAKI + DESIGN INSTITUTE OF LANDSCAPE AND ARCHITECTURE",2,4663,2003
"川崎清＋環境・建築研究所",5,"KIYOSHI KAWASAKI + DESIGN INSTITUTE OF LANDSCAPE AND ARCHITECTURE",2,5783,2551
"入江三宅設計事務所",2,"IRIE MIYAKE ARCHITECTS & ENGINEER",2,946,463
"入江三宅設計事務所",2,"IRIE MIYAKE ARCHITECTS & ENGINEER",2,5558,2432
"入江三宅設計事務所",2,"IRIE MIYAKE ARCHITECTS & ENGINEERS",4,3042,1316
"入江三宅設計事務所",2,"IRIE MIYAKE ARCHITECTS & ENGINEERS",4,5058,2180
"入江三宅設計事務所",2,"IRIE MIYAKE ARCHITECTS & ENGINEERS",4,5725,2517
"入江三宅設計事務所",2,"IRIE MIYAKE ARCHITECTS & ENGINEERS",4,6781,3040
"池田昌弘／池田昌弘建築研究所",2,"MASAHIRO IKEDA ARCHITECTURE STUDIO",5,4957,2137
"池田昌弘／池田昌弘建築研究所",2,"MASAHIRO IKEDA ARCHITECTURE STUDIO",5,5099,2201
"池田昌弘／池田昌弘建築研究所",2,"MASAHIRO IKEDA ARCHITECTURE STUDIO",5,5100,2202
"池田昌弘／池田昌弘建築研究所",2,"MASAHIRO IKEDA ARCHITECTURE STUDIO",5,5154,2233
"池田昌弘／池田昌弘建築研究所",2,"MASAHIRO IKEDA ARCHITECTURE STUDIO",5,5155,2234
"池田昌弘／池田昌弘建築研究所",2,"MIAS",1,5548,2426
"コーン・ペダーセン・フォックス・アソシエイツ",2,"KOHN PEDERSEN FOX ASSOCIATES",5,5558,2432
"コーン・ペダーセン・フォックス・アソシエイツ",2,"KOHN PEDERSEN FOX ASSOCIATES",5,5758,2536
"コーン・ペダーセン・フォックス・アソシエイツ",2,"KOHN PEDERSEN FOX ASSOCIATES",5,6446,2878
"コーン・ペダーセン・フォックス・アソシエイツ",2,"KOHN PEDERSEN FOX ASSOCIATES",5,7978,3658
"コーン・ペダーセン・フォックス・アソシエイツ",2,"KOHN PEDERSEN FOX ASSOCIATES",5,8281,3816
"コーン・ペダーセン・フォックス・アソシエイツ",2,"KPF",1,8696,4047
"東京大学キャンパス計画室・同施設部",5,"ARCHITECTURAL PLANNING OFFICE,FACULITY OF ENGINEERING CAMPUS OFFICE+FACILITIES DEPARTMENT,THE UNIVERSITY OF TOKYO",1,6493,2901
"東京大学キャンパス計画室・同施設部",5,"CAMPUS PLANNING OFFICE AND FACILITIES DEPARTMENT, THE UNIVERSITY OF TOKYO",1,6498,2906
"東京大学キャンパス計画室・同施設部",5,"THE UNIVERSITY OF TOKYO",2,7583,3442
"東京大学キャンパス計画室・同施設部",5,"THE UNIVERSITY OF TOKYO",2,7815,3569
"東京大学キャンパス計画室・同施設部",5,"CAMPUS PLANNING OFFICE, FACILITIES DEPARTMENT, THE UNIV. OF TOKYO",1,7692,3507
"東京大学キャンパス計画室・同施設部",5,"THE UNIVERSITY OF TOKYO CAMPUS PLANNING OFFICE (KENGO KUMA)",1,7975,3656
"末光弘和＋末光陽子／SUEP.",2,"HIROKAZU SUEMITSU+YOKO SUEMITSU/SUEP.",5,7808,3564
"末光弘和＋末光陽子／SUEP.",2,"HIROKAZU SUEMITSU+YOKO SUEMITSU/SUEP.",5,8033,3684
"末光弘和＋末光陽子／SUEP.",2,"HIROKAZU SUEMITSU+YOKO SUEMITSU/SUEP.",5,8296,3825
"末光弘和＋末光陽子／SUEP.",2,"HIROKAZU SUEMITSU+YOKO SUEMITSU/SUEP.",5,9898,4750
"末光弘和＋末光陽子／SUEP.",2,"HIROKAZU SUEMITSU+YOKO SUEMITSU/SUEP.",5,9986,4798
"末光弘和＋末光陽子／SUEP.",2,"SUEP.",1,7809,3565
"林雅子／林・山田・中原設計同人",2,"MASAKO HAYASHI",4,109,91
"林雅子／林・山田・中原設計同人",2,"MASAKO HAYASHI",4,2819,1230
"林雅子／林・山田・中原設計同人",2,"MASAKO HAYASHI",4,3818,1646
"林雅子／林・山田・中原設計同人",2,"MASAKO HAYASHI",4,3908,1691
"林雅子／林・山田・中原設計同人",2,"MASAKO HAYASHI HAYASHI YAMADA NAKAHARA",1,1846,861
"日立建設設計",3,"HITACHI CONSTRUCTION DESIGN CO.",1,123,103
"日立建設設計",3,"HITACHI CONSTRUCTION DESIGN",1,2099,958
"日立建設設計",3,"HITACHI ARCHITECTS & ENGINEERS",3,3419,1481
"日立建設設計",3,"HITACHI ARCHITECTS & ENGINEERS",3,8398,3881
"日立建設設計",3,"HITACHI ARCHITECTS & ENGINEERS",3,8974,4202
"野沢正光建築工房",4,"MASAMITSU NOZAWA BUILDING WORKSHOP",2,225,156
"野沢正光建築工房",4,"MASAMITSU NOZAWA BUILDING WORKSHOP",2,7380,3338
"野沢正光建築工房",4,"NOZAWA MASAMITSU KENCHIKUKOUBOU",1,2684,1182
"野沢正光建築工房",4,"MASAMITSU NOZAWA BUILDING WHORKSHOP",1,5418,2362
"野沢正光建築工房",4,"MASAMITSU NOZAWA",1,7910,3612
"北川原温",3,"ATSUSHI KITAGAWARA",3,637,339
"北川原温",3,"ATSUSHI KITAGAWARA",3,3339,1458
"北川原温",3,"ATSUSHI KITAGAWARA",3,7911,3613
"北川原温",3,"ATSUSHI KITAGAWARA + ILCD, YU ARCHITECTS ASSOCIATION",1,1678,783
"北川原温",3,"A. KITAGAWARA",1,1911,888
"谷口建築設計研究所",2,"TANIGUCHI AND ASSOCIATES",4,1297,614
"谷口建築設計研究所",2,"TANIGUCHI AND ASSOCIATES",4,8616,4005
"谷口建築設計研究所",2,"TANIGUCHI AND ASSOCIATES",4,8967,4196
"谷口建築設計研究所",2,"TANIGUCHI AND ASSOCIATES",4,8968,4197
"谷口建築設計研究所",2,"TANIGUCHI ARCHITECTS & ENGINEERS",1,1847,862
"文化財保存計画協会",4,"ASSOCIATION FOR CULTURAL HERITAGE PRESERVATION PLANNING",1,1382,661
"文化財保存計画協会",4,"PLANNING INSTITUTE FOR THE CONSERVATION OF CULTURAL PROPERTIES",1,4413,1897
"文化財保存計画協会",4,"PLANNING INSTITUTE FOR CONSERVATION OF CULTURAL PROPERTIES",2,4829,2065
"文化財保存計画協会",4,"PLANNING INSTITUTE FOR CONSERVATION OF CULTURAL PROPERTIES",2,5781,2549
"文化財保存計画協会",4,"JAPAN CULTURAL HERITAGE CONSULTANCY",1,9410,4471
"ダムダン空間工作所",4,"DAMDAN SPACE WORKSHOP",2,1602,742
"ダムダン空間工作所",4,"DAMDAN SPACE WORKSHOP",2,2153,980
"ダムダン空間工作所",4,"DAMDAN SPATIAL WORKSHOP",1,1803,844
"ダムダン空間工作所",4,"SHUBU ISHIYAMA",1,2247,1018
"ダムダン空間工作所",4,"DAM-DAM CORPORATION",1,3195,1380
"古谷誠章",4,"NOBUAKI FURUYA",2,2885,1262
"古谷誠章",4,"NOBUAKI FURUYA",2,4835,2070
"古谷誠章",4,"STUDIO NOBUAKI FURUYA",1,3283,1423
"古谷誠章",4,"NOBUAKI FURUYA+NAKAGAWA ARCHITECTS OFFICE",1,3309,1438
"古谷誠章",4,"FURUYA, NOBUAKI",1,3531,1519
"栗生明＋栗生総合計画事務所",2,"A.KURYU ARCHITECT & ASSOCIATES",3,3533,1520
"栗生明＋栗生総合計画事務所",2,"A.KURYU ARCHITECT & ASSOCIATES",3,5679,2492
"栗生明＋栗生総合計画事務所",2,"A.KURYU ARCHITECT & ASSOCIATES",3,6005,2659
"栗生明＋栗生総合計画事務所",2,"AKIRA KURYU ARCHITECT & ASSOCIATES",2,4138,1799
"栗生明＋栗生総合計画事務所",2,"AKIRA KURYU ARCHITECT & ASSOCIATES",2,5204,2256
"大江匡／PLANTEC",2,"TADASU OHE/PLANTEC+MUKAI ARCHITECTURE ASSOCIATES",1,3968,1718
"大江匡／PLANTEC",2,"TADASU OHE/PLANTEC",4,4154,1803
"大江匡／PLANTEC",2,"TADASU OHE/PLANTEC",4,4181,1811
"大江匡／PLANTEC",2,"TADASU OHE/PLANTEC",4,4844,2074
"大江匡／PLANTEC",2,"TADASU OHE/PLANTEC",4,4892,2096
"設計監理共同企業体",2,"JV",4,4156,1804
"設計監理共同企業体",2,"JV",4,5163,2236
"設計監理共同企業体",2,"JV",4,6728,3021
"設計監理共同企業体",2,"JV",4,8585,3985
"設計監理共同企業体",2,"JOINT VENTURE",1,9291,4392
"室伏次郎／スタジオアルテック",2,"MUROFUSHI JIROH/STUDIO ARTEC",4,4256,1838
"室伏次郎／スタジオアルテック",2,"MUROFUSHI JIROH/STUDIO ARTEC",4,4446,1907
"室伏次郎／スタジオアルテック",2,"MUROFUSHI JIROH/STUDIO ARTEC",4,4891,2095
"室伏次郎／スタジオアルテック",2,"MUROFUSHI JIROH/STUDIO ARTEC",4,7448,3371
"室伏次郎／スタジオアルテック",2,"STUDIO ARTEC",1,4982,2151
"竹原義二／無有建築工房",2,"MOO ARCHITECT WORKSHOP",4,4762,2033
"竹原義二／無有建築工房",2,"MOO ARCHITECT WORKSHOP",4,4887,2094
"竹原義二／無有建築工房",2,"MOO ARCHITECT WORKSHOP",4,7418,3356
"竹原義二／無有建築工房",2,"MOO ARCHITECT WORKSHOP",4,8824,4117
"竹原義二／無有建築工房",2,"YOSHIJI TAKEHARA / MOO ARCHITECT WORKSHOP",1,7790,3559
"都市基盤整備公団",2,"URBAN INFRASTRUCTURE DEVELOPMENT CORPORATION",4,5302,2307
"都市基盤整備公団",2,"URBAN INFRASTRUCTURE DEVELOPMENT CORPORATION",4,5303,2308
"都市基盤整備公団",2,"URBAN INFRASTRUCTURE DEVELOPMENT CORPORATION",4,5768,2540
"都市基盤整備公団",2,"URBAN INFRASTRUCTURE DEVELOPMENT CORPORATION",4,5769,2541
"都市基盤整備公団",2,"UDC",1,5451,2380
"若松均建築設計事務所",2,"HITOSHI WAKAMATSU ARCHITECT AND ASSOCIATES",3,5432,2368
"若松均建築設計事務所",2,"HITOSHI WAKAMATSU ARCHITECT AND ASSOCIATES",3,6303,2809
"若松均建築設計事務所",2,"HITOSHI WAKAMATSU ARCHITECT AND ASSOCIATES",3,6524,2921
"若松均建築設計事務所",2,"HITOSHI WAKAMATSU ARCHITECT AND ASSOCIATE",2,6182,2758
"若松均建築設計事務所",2,"HITOSHI WAKAMATSU ARCHITECT AND ASSOCIATE",2,7566,3430
"日建ハウジングシステム",2,"NIKKEN HOUSING SYSTEM",4,5558,2432
"日建ハウジングシステム",2,"NIKKEN HOUSING SYSTEM",4,10016,4813
"日建ハウジングシステム",2,"NIKKEN HOUSING SYSTEM",4,10046,4828
"日建ハウジングシステム",2,"NIKKEN HOUSING SYSTEM",4,10168,4893
"日建ハウジングシステム",2,"OSAMU NISHIDA+OSAMU IWASAKI/ONDESIGN+ERIKA NAKAGAWA",1,7343,3323
"関・空間設計",2,"SEKI, SPACE DESIGN",1,5991,2651
"関・空間設計",2,"SEKI KUKAN SEKKEI",4,7901,3607
"関・空間設計",2,"SEKI KUKAN SEKKEI",4,8067,3698
"関・空間設計",2,"SEKI KUKAN SEKKEI",4,8099,3717
"関・空間設計",2,"SEKI KUKAN SEKKEI",4,9154,4306
"谷尻誠／SUPPOSE DESIGN OFFICE",2,"MAKOTO TANIJIRI/SUPPOSE DESIGN OFFICE",1,6476,2891
"谷尻誠／SUPPOSE DESIGN OFFICE",2,"MAKOTO TANIJIRI / SUPPOSE DESIGN OFFICE",4,6817,3057
"谷尻誠／SUPPOSE DESIGN OFFICE",2,"MAKOTO TANIJIRI / SUPPOSE DESIGN OFFICE",4,7318,3311
"谷尻誠／SUPPOSE DESIGN OFFICE",2,"MAKOTO TANIJIRI / SUPPOSE DESIGN OFFICE",4,7502,3402
"谷尻誠／SUPPOSE DESIGN OFFICE",2,"MAKOTO TANIJIRI / SUPPOSE DESIGN OFFICE",4,7570,3434
"馬場正尊＋平岩祐季／OPEN A",2,"OPEN A",2,7630,3469
"馬場正尊＋平岩祐季／OPEN A",2,"OPEN A",2,8332,3846
"馬場正尊＋平岩祐季／OPEN A",2,"MASATAKA BABA + YUKI HIRAIWA / OPEN A",3,8342,3853
"馬場正尊＋平岩祐季／OPEN A",2,"MASATAKA BABA + YUKI HIRAIWA / OPEN A",3,8606,4000
"馬場正尊＋平岩祐季／OPEN A",2,"MASATAKA BABA + YUKI HIRAIWA / OPEN A",3,8954,4188
"菊竹清訓建築設計事務所",2,"KIYONORI KIKUTAKE ARCHITECTS",3,12,13
"菊竹清訓建築設計事務所",2,"KIYONORI KIKUTAKE ARCHITECTS",3,4523,1937
"菊竹清訓建築設計事務所",2,"KIYONORI KIKUTAKE ARCHITECTS",3,6010,2663
"菊竹清訓建築設計事務所",2,"KIKUTAKE ARCHITECT & ASSOCIATES",1,2294,1037
"清家清",2,"KIYOSHI SEIKE",3,67,60
"清家清",2,"KIYOSHI SEIKE",3,272,179
"清家清",2,"KIYOSHI SEIKE",3,4034,1759
"清家清",2,"CLEAR AND SERENE (AS A POLISHED MIRROR AND STILL WATER)",1,304,195
"村野・森建築事務所",3,"MURANO & MORI ARCHITECTURAL OFFICE",1,85,72
"村野・森建築事務所",3,"T.MURANO & MORI ASSOCIATED ARCHITECTS OFFICE",2,289,186
"村野・森建築事務所",3,"T.MURANO & MORI ASSOCIATED ARCHITECTS OFFICE",2,2232,1016
"村野・森建築事務所",3,"MURANO MORI ARCHITECTS",1,5528,2416
"大谷研究室",2,"OTANI KENKYUSHITSU",3,168,132
"大谷研究室",2,"OTANI KENKYUSHITSU",3,2230,1014
"大谷研究室",2,"OTANI KENKYUSHITSU",3,2677,1179
"大谷研究室",2,"OTANI LABORATORY",1,2056,946
"竹山実建築綜合研究所",3,"MINORU TAKEYAMA ARCHITECT & U/A",1,278,181
"竹山実建築綜合研究所",3,"MINORU TAKEYAMA ARCHITECTURAL RESEARCH INSTITUTE",2,1037,506
"竹山実建築綜合研究所",3,"MINORU TAKEYAMA ARCHITECTURAL RESEARCH INSTITUTE",2,1154,553
"竹山実建築綜合研究所",3,"MINORU TAKEYAMA ARCHITECT&U/A",1,5258,2283
"日本総合建築事務所",4,"JAPAN SOGO ARCHITECTURAL OFFICE",1,296,191
"日本総合建築事務所",4,"JAPAN GENERAL BUILDING OFFICE",1,1071,516
"日本総合建築事務所",4,"NIPPON SOGO ARCHITECTS AND ENGINEERS",1,1781,834
"日本総合建築事務所",4,"NIPPON SOGO ARCHITECTS & ENGINEERS",1,2484,1115
"出江寛建築事務所",3,"KAN IZUE ARCHITECT & ASSOCIATES",1,442,267
"出江寛建築事務所",3,"IZUE KAN ARCHITECTS & ENGINEERS",2,1350,645
"出江寛建築事務所",3,"IZUE KAN ARCHITECTS & ENGINEERS",2,1706,797
"出江寛建築事務所",3,"IZUE KAN ARCHITECTS",1,2163,982
"槇文彦＋槇総合計画事務所",3,"FUMIHIKO MAKI + MAKI & ASSOCIATES",1,1457,686
"槇文彦＋槇総合計画事務所",3,"MAKI AND ASSOCIATES",2,1733,812
"槇文彦＋槇総合計画事務所",3,"MAKI AND ASSOCIATES",2,8692,4046
"槇文彦＋槇総合計画事務所",3,"FUMIHIKO MAKI + MAKI AND ASSOCIATES",1,5599,2455
"小宮山昭＋ユニテ設計・計画",4,"AKIRA KOMIYAMA + UNITÉS ARCHITECTS & PLANNERS",1,1944,900
"小宮山昭＋ユニテ設計・計画",4,"AKIRA KOMIYAMA / UNITES ARCHITECTS AND PLANNERS",1,2765,1217
"小宮山昭＋ユニテ設計・計画",4,"AKIRA KOMIYAMA+UNITES ARCHITECTS & PLANNERS",1,3450,1495
"小宮山昭＋ユニテ設計・計画",4,"DENTSU INC. UNITÉS ARCHITECTS & PLANNERS",1,3738,1607
"大阪市都市整備局",4,"OSAKA CITY URBAN DEVELOPMENT BUREAU",1,1947,901
"大阪市都市整備局",4,"OSAKA MUNICIPAL GOVERNMENT, URBAN REDEVELOPMENT & HOUSING BUREAV",1,2796,1224
"大阪市都市整備局",4,"OSAKA CITY",1,3603,1553
"大阪市都市整備局",4,"URBAN REDEVELOPMENT AND HOUSING BUREAU, CITY OF OSAKA",1,9569,4563
"東京大学施設部",3,"THE UNIVERSITY OF TOKYO",2,2230,1014
"東京大学施設部",3,"THE UNIVERSITY OF TOKYO",2,4977,2150
"東京大学施設部",3,"FACILITIES MANAGEMENT OFFICE,THE UNIVERSITY OF TOKYO",1,4851,2079
"東京大学施設部",3,"FACILITIES DEPARTMENT,UNIVERSITY OF TOKYO",1,5146,2228
"北山孝二郎＋K計画事務所",3,"K ARCHITECT & ASSOCIATES",2,2353,1066
"北山孝二郎＋K計画事務所",3,"K ARCHITECT & ASSOCIATES",2,3105,1344
"北山孝二郎＋K計画事務所",3,"KOJIRO KITAYAMA+K ARCHITECT & ASSOCIATES",1,6154,2744
"北山孝二郎＋K計画事務所",3,"KOJIRO KITAYAMA + K ARCHITECT & ASSOCIATES",1,6595,2960
"竹山聖＋アモルフ",2,"KIYOSHI SEY TAKEYAMA +AMORPHE ARCHITECTS & ASSOCIATES",1,2545,1135
"竹山聖＋アモルフ",2,"KIYOSHI SEY TAKEYAMA +AMORPHE",3,3499,1509
"竹山聖＋アモルフ",2,"KIYOSHI SEY TAKEYAMA +AMORPHE",3,4535,1941
"竹山聖＋アモルフ",2,"KIYOSHI SEY TAKEYAMA +AMORPHE",3,7207,3247
"芦原太郎建築事務所",2,"ASHIHARA INTERNATIONAL ARCHITECT & ASSOCIATES",1,2698,1191
"芦原太郎建築事務所",2,"TARO ASHIHARA ARCHITECTS",3,2753,1215
"芦原太郎建築事務所",2,"TARO ASHIHARA ARCHITECTS",3,4020,1749
"芦原太郎建築事務所",2,"TARO ASHIHARA ARCHITECTS",3,5347,2330
"シーラカンス",2,"COELACANTH ARCHITECT",2,2918,1271
"シーラカンス",2,"COELACANTH ARCHITECT",2,2920,1273
"シーラカンス",2,"COELACANTH ARCHITECTS",2,2919,1272
"シーラカンス",2,"COELACANTH ARCHITECTS",2,4298,1856
"白江建築研究所",2,"SHIRAE ASSOCIATES",3,3143,1360
"白江建築研究所",2,"SHIRAE ASSOCIATES",3,4733,2022
"白江建築研究所",2,"SHIRAE ASSOCIATES",3,5888,2602
"白江建築研究所",2,"SHIRAE ASSOCIATES/RHYUZO SHIRAE",1,4066,1768
"藤本壮介",2,"SOSUKE FUJIMOTO",1,4463,1915
"藤本壮介",2,"SOU FUJIMOTO",3,5932,2622
"藤本壮介",2,"SOU FUJIMOTO",3,6326,2813
"藤本壮介",2,"SOU FUJIMOTO",3,6934,3121
"早稲田大学古谷誠章研究室",4,"NOBUAKI FURUYA STUDIO, WASEDA UNIVERSITY",1,4587,1969
"早稲田大学古谷誠章研究室",4,"NOBUAKI FURUYA LAB.",1,5800,2560
"早稲田大学古谷誠章研究室",4,"NOBUAKI FURUYA LABORATORY",1,9016,4229
"早稲田大学古谷誠章研究室",4,"WASEDA UNIVERSITY, FURUYA LAB.",1,9375,4445
"インターデザインアソシエイツ",2,"INTERDESIGN ASSOCIATES",1,4641,1997
"インターデザインアソシエイツ",2,"INTERDESIGN ASSOCIATES ARCHITECTS",3,5724,2516
"インターデザインアソシエイツ",2,"INTERDESIGN ASSOCIATES ARCHITECTS",3,6416,2860
"インターデザインアソシエイツ",2,"INTERDESIGN ASSOCIATES ARCHITECTS",3,7039,3175
"大阪府建築都市部公共建築室",4,"OSAKA PREFECTURAL GOVERNMENT",1,4758,2031
"大阪府建築都市部公共建築室",4,"OSAKA PREFECTURAL GOVERNMENT DEPARTMENT OF CONSTRUCTION AND URBAN DEVELOPMENT PUBLIC BUILDING OFFICE",1,4816,2059
"大阪府建築都市部公共建築室",4,"OSAKA PREFECTURE",1,5066,2184
"大阪府建築都市部公共建築室",4,"PUBLIC BUILDINGS OFFICE, BUILDING AND URBAN PLANNING DEPARTMENT, OSAKA PREFECTURAL GOVERNMENT",1,5944,2630
"芦澤竜一建築設計事務所",2,"RYUICHI ASHIZAWA ARCHITECT & ASSOCIATES",2,5270,2290
"芦澤竜一建築設計事務所",2,"RYUICHI ASHIZAWA ARCHITECT & ASSOCIATES",2,10106,4858
"芦澤竜一建築設計事務所",2,"RYUICHI ASHIZAWA ARCHITECTS & ASSOCIATES",2,6784,3043
"芦澤竜一建築設計事務所",2,"RYUICHI ASHIZAWA ARCHITECTS & ASSOCIATES",2,9557,4557
"池田昌弘／MASAHIRO IKEDA CO.，LTD",4,"MASAHIRO IKEDA CO.,LTD",1,5983,2649
"池田昌弘／MASAHIRO IKEDA CO.，LTD",4,"MASAHIRO IKEDA CO., LTD",1,6420,2863
"池田昌弘／MASAHIRO IKEDA CO.，LTD",4,"MASAHIRO IKEDA / MASAHIRO IKEDA CO.,LTD",1,6480,2893
"池田昌弘／MASAHIRO IKEDA CO.，LTD",4,"MASAHIRO IKEDA",1,6508,2913
"長坂常／スキーマ建築計画",2,"JO NAGASAKA/SCHEMATA ARCHITECTS",3,6419,2862
"長坂常／スキーマ建築計画",2,"JO NAGASAKA/SCHEMATA ARCHITECTS",3,9454,4500
"長坂常／スキーマ建築計画",2,"JO NAGASAKA/SCHEMATA ARCHITECTS",3,9462,4506
"長坂常／スキーマ建築計画",2,"SCHEMATA ARCHITECTS/JO NAGASAKA",1,8898,4157
"駒田剛司＋駒田由香／駒田建築設計事務所",2,"KOMADA ARCHITECT’S OFFICE",1,6839,3066
"駒田剛司＋駒田由香／駒田建築設計事務所",2,"KOMADA TAKESHI + KOMADA YUKA / KOMADA ARCHITECTS OFFICE",3,6840,3067
"駒田剛司＋駒田由香／駒田建築設計事務所",2,"KOMADA TAKESHI + KOMADA YUKA / KOMADA ARCHITECTS OFFICE",3,9001,4221
"駒田剛司＋駒田由香／駒田建築設計事務所",2,"KOMADA TAKESHI + KOMADA YUKA / KOMADA ARCHITECTS OFFICE",3,9850,4722
"CAT",2,"CAT",3,6954,3129
"CAT",2,"CAT",3,7261,3283
"CAT",2,"CAT",3,9245,4364
"CAT",2,"KAZUHIRO KOJIMA+KAZUKO AKAMATSU / CAT",1,8700,4048
"進藤強／ビーフンデザイン",2,"TSUYOSHI SHINDO / BE-FUN DESIGN",3,7042,3177
"進藤強／ビーフンデザイン",2,"TSUYOSHI SHINDO / BE-FUN DESIGN",3,7567,3431
"進藤強／ビーフンデザイン",2,"TSUYOSHI SHINDO / BE-FUN DESIGN",3,7777,3554
"進藤強／ビーフンデザイン",2,"BE-FUN DESIGN",1,9101,4275
"ボランタリー・アーキテクツ・ネットワーク（VAN）",2,"VOLUNTARY ARCHITECTS’NETWORK (VAN)",3,7223,3257
"ボランタリー・アーキテクツ・ネットワーク（VAN）",2,"VOLUNTARY ARCHITECTS’NETWORK (VAN)",3,7668,3492
"ボランタリー・アーキテクツ・ネットワーク（VAN）",2,"VOLUNTARY ARCHITECTS’NETWORK (VAN)",3,10148,4880
"ボランタリー・アーキテクツ・ネットワーク（VAN）",2,"VAN",1,7667,3491
"遠藤克彦建築研究所",2,"ENDO ARCHITECTS AND ASSOCIATES",1,7692,3507
"遠藤克彦建築研究所",2,"KATSUHIKO ENDO ARCHITECT AND ASSOCIATES",3,9569,4563
"遠藤克彦建築研究所",2,"KATSUHIKO ENDO ARCHITECT AND ASSOCIATES",3,9808,4695
"遠藤克彦建築研究所",2,"KATSUHIKO ENDO ARCHITECT AND ASSOCIATES",3,9875,4735
"東京大学生産技術研究所 今井研究室",3,"CAMPUS PLANNING OFFICE, THE UNIVERSITY OF TOKYO (KOTARO IMAI)",1,8501,3941
"東京大学生産技術研究所 今井研究室",3,"SHIGERU BAN ARCHITECTS + VOLUNTARY ARHICTECTS’ NETWORK",1,8503,3943
"東京大学生産技術研究所 今井研究室",3,"IMAI LABORATORY, INSTITUTE OF INDUSTRIAL SCIENCE, THE UNIVERSITY OF TOKYO",2,9492,4524
"東京大学生産技術研究所 今井研究室",3,"IMAI LABORATORY, INSTITUTE OF INDUSTRIAL SCIENCE, THE UNIVERSITY OF TOKYO",2,10155,4886
"米田真大／YND ARCHITECTS",2,"MASAHIRO YONEDA / YND ARCHITECTS",1,8954,4188
"米田真大／YND ARCHITECTS",2,"YND ARCHITECTS",3,9270,4381
"米田真大／YND ARCHITECTS",2,"YND ARCHITECTS",3,9726,4655
"米田真大／YND ARCHITECTS",2,"YND ARCHITECTS",3,10065,4839
"土岐新建築総合計画事務所",3,"SHIN TOKI ARCHITECT & ASSOCIATES",1,27,26
"土岐新建築総合計画事務所",3,"TOKI SHIN ARCHITECTURAL PLANNING OFFICE",1,853,427
"土岐新建築総合計画事務所",3,"SHIN TOKI ARCHITECT AND ASSOCIATES",1,4281,1850
"富永譲＋フォルムシステム設計研究所",2,"YUZURU TOMINAGA + FORM SYSTEM RESEARCH INSTITUTE",1,51,48
"富永譲＋フォルムシステム設計研究所",2,"YUZURU TOMINAGA+FORM SYSTEM INSTITUTE",2,3144,1361
"富永譲＋フォルムシステム設計研究所",2,"YUZURU TOMINAGA+FORM SYSTEM INSTITUTE",2,3600,1552
"中島龍彦建築事務所",2,"NAKAJIMA TATSUHIKO ARCHITECT AND ASSOCIATES",1,73,63
"中島龍彦建築事務所",2,"TATSUHIKO NAKAJIMA ARCHITECTS",2,1358,649
"中島龍彦建築事務所",2,"TATSUHIKO NAKAJIMA ARCHITECTS",2,1523,713
"黒沢隆研究室",2,"TAKASHI KUROSAWA ATELIER",2,99,84
"黒沢隆研究室",2,"TAKASHI KUROSAWA ATELIER",2,3393,1475
"黒沢隆研究室",2,"TAKASHI KUROSAWA LABORATORY",1,1112,536
"山崎泰孝",2,"YASUTAKA YAMAZAKI",2,139,114
"山崎泰孝",2,"YASUTAKA YAMAZAKI",2,1963,907
"山崎泰孝",2,"YASUTAKA YAMAZAKI+AZ INSTITUTE/KITAI ARCHITECT & ASSOCIATES",1,3779,1626
"早稲田大学穂積研究室",3,"HOZUMI LABORATORY, WASEDA UNIVERSITY",1,156,123
"早稲田大学穂積研究室",3,"HOZUMI LABORATORY",1,2454,1100
"早稲田大学穂積研究室",3,"NOBUO HOZUMI DESIGN STUDIO",1,2885,1262
"松田平田坂本設計事務所",3,"MATSUDA HIRATA SAKAMOTO ARCHITECTS/PLANNERS/ENGINEERS",1,242,164
"松田平田坂本設計事務所",3,"MATSUDA HIRATA SAKAMOTO DESIGN OFFICE",1,2323,1054
"松田平田坂本設計事務所",3,"MATSUDA,HIRATA&SAKAMOTO ARCHITECTS PLANNERS&ENGINEERS",1,2862,1248
"石井和紘建築研究所",2,"KAZUHIRO ISHII ARCHITECT & ASSOCIATES",2,285,184
"石井和紘建築研究所",2,"KAZUHIRO ISHII ARCHITECT & ASSOCIATES",2,2578,1148
"石井和紘建築研究所",2,"KAZUHIRO ISHII ARCHITECTS",1,1004,492
"高松伸",2,"SHIN TAKAMATSU ARCHITECT AND ASSOCIATES",1,422,256
"高松伸",2,"SHIN TAKAMATSU",2,1103,532
"高松伸",2,"SHIN TAKAMATSU",2,4552,1953
"長島孝一",2,"KOICHI NAGASHIMA+AUR",1,485,280
"長島孝一",2,"KOICHI NAGASHIMA",2,2006,927
"長島孝一",2,"KOICHI NAGASHIMA",2,2010,929
"設計事務所ゲンプラン",3,"DESIGN FIRM GENPLAN",1,502,290
"設計事務所ゲンプラン",3,"DESIGN OFFICE GEN PLAN",1,1280,608
"設計事務所ゲンプラン",3,"ARCHITECT OFFICE GEN PLAN",1,2420,1087
"小宮山昭",2,"AKIRA KOMIYAMA",2,560,311
"小宮山昭",2,"AKIRA KOMIYAMA",2,2450,1097
"小宮山昭",2,"AKIRA KOMIYAMA+UNITES, ARCHITECTS AND PLANNERS",1,1512,707
"椎名政夫建築設計事務所",2,"MASAO SHIINA ARCHITECTS",2,615,328
"椎名政夫建築設計事務所",2,"MASAO SHIINA ARCHITECTS",2,3215,1394
"椎名政夫建築設計事務所",2,"MASAO SHIINA ARCHITECTURAL DESIGN OFFICE",1,1641,760
"西野善介建築研究所",2,"YOSHISUKE NISHINO ARCHITECTS & ENGINEERS",2,758,385
"西野善介建築研究所",2,"YOSHISUKE NISHINO ARCHITECTS & ENGINEERS",2,1013,497
"西野善介建築研究所",2,"YOSHISUKE NISHINO & ASSOCIATES",1,759,386
"長島建築研究所",2,"NAGASHIMA ARCHITECTS",2,853,427
"長島建築研究所",2,"NAGASHIMA ARCHITECTS",2,2736,1207
"長島建築研究所",2,"NAGASHIMA ARCHITECTS & ENGINEERS",1,854,428
"美建・設計事務所",3,"BIKEN & DESIGN OFFICE",1,897,445
"美建・設計事務所",3,"BIKEN DESIGN OFFICE",1,1009,494
"美建・設計事務所",3,"BIKEN ARCHITECTURAL DESIGN OFFICE",1,1696,792
"渡辺明設計事務所",2,"AKIRA WATANABE ARCHITECT AND ASSOCIATES",2,1132,542
"渡辺明設計事務所",2,"AKIRA WATANABE ARCHITECT AND ASSOCIATES",2,6598,2962
"渡辺明設計事務所",2,"AKIRA WATANABE DESIGN OFFICE",1,1174,562
"建築企画設計社",2,"ARCHITECTURAL PLANNING AND DESIGN COMPANY",1,1259,595
"建築企画設計社",2,"KENCHIKU KIKAKU SEKKEISHA",2,1441,681
"建築企画設計社",2,"KENCHIKU KIKAKU SEKKEISHA",2,1900,886
"広瀬鎌二",2,"KENJI HIROSE + PLANNING INSTITUTE FOR THE CONSERVATION OF CULTURAL PROPERTIES",1,1261,597
"広瀬鎌二",2,"KENJI HIROSE",2,4413,1897
"広瀬鎌二",2,"KENJI HIROSE",2,4829,2065
"SKM設計計画事務所",2,"SKM ARCHITECTS & PLANNERS",2,1266,599
"SKM設計計画事務所",2,"SKM ARCHITECTS & PLANNERS",2,2265,1022
"SKM設計計画事務所",2,"SKM DESIGN PLANNING OFFICE",1,1772,829
"吉村篤一＋建築環境研究所",2,"TOKUICHI YOSHIMURA + INSTITUTE FOR BUILT ENVIRONMENT",2,1323,630
"吉村篤一＋建築環境研究所",2,"TOKUICHI YOSHIMURA + INSTITUTE FOR BUILT ENVIRONMENT",2,4471,1918
"吉村篤一＋建築環境研究所",2,"TOKUICHI YOSHIMURA + INSTITUTE FOR ARCHITECTURE & ENVIRONMENT",1,5949,2632
"秋元和雄設計事務所",2,"KAZUO AKIMOTO & PARTNERS",1,1333,635
"秋元和雄設計事務所",2,"K.AKIMOTO & PARTNERS",2,3733,1603
"秋元和雄設計事務所",2,"K.AKIMOTO & PARTNERS",2,4103,1786
"倉森建築設計事務所",2,"KURAMORI ARCHITECTS & ENGINEERS",1,1517,710
"倉森建築設計事務所",2,"KURAMORI & ASSOCIATES",2,4323,1868
"倉森建築設計事務所",2,"KURAMORI & ASSOCIATES",2,9688,4633
"竹山聖",3,"SEI TAKEYAMA",1,1661,770
"竹山聖",3,"AMORPHE ARCHITECTS & ASSOCIATES",1,2172,986
"竹山聖",3,"KIYOSHI SEI TAKEYAMA",1,3212,1392
"東京ランドスケープ研究所",3,"TOKYO LANDSCAPE LAB.",1,1723,809
"東京ランドスケープ研究所",3,"TOKYO LANDSCAPE RESEARCH INSTITUTE",1,1734,813
"東京ランドスケープ研究所",3,"TOKYO LANDSCAPE ARCHITECTS",1,9415,4475
"田邊博司",2,"HIROSHI TANABE",2,1779,832
"田邊博司",2,"HIROSHI TANABE",2,1855,864
"田邊博司",2,"HIROSHI TANABE R.A.",1,2739,1208
"レーモンド設計事務所",2,"RAYMOND DESIGN OFFICE",1,1855,864
"レーモンド設計事務所",2,"RAYMOND ARCHITECTURAL DESIGN OFFICE",2,2739,1208
"レーモンド設計事務所",2,"RAYMOND ARCHITECTURAL DESIGN OFFICE",2,4827,2064
"大谷幸夫",2,"SACHIO OTANI & ASSOCIATES",1,1857,865
"大谷幸夫",2,"SACHIO OTANI",2,2056,946
"大谷幸夫",2,"SACHIO OTANI",2,2230,1014
"中村勉",3,"TSUTOMU NAKAMURA",1,2010,929
"中村勉",3,"BEN NAKAMURA & ASSOCIATES",1,4639,1996
"中村勉",3,"BEN NAKAMURA",1,5743,2529
"三井建設",2,"MITSUI CONSTRUCTION",2,2096,956
"三井建設",2,"MITSUI CONSTRUCTION",2,3917,1699
"三井建設",2,"MITSUI ENGINEERING & CONSTRUCTION",1,3708,1593
"川崎清",2,"KIYOSHI KAWASAKI + DESIGN INSTITUTE OF LANDSCAPE & ARCHITECTURE",1,2151,979
"川崎清",2,"KIYOSHI KAWASAKI",2,2795,1223
"川崎清",2,"KIYOSHI KAWASAKI",2,2954,1284
"東孝光＋東環境・建築研究所",3,"TAKAMITSU AZUMA + AZUMA ENVIRONMENTAL & ARCHITECTURAL INSTITUTE",1,2170,984
"東孝光＋東環境・建築研究所",3,"TAKAMITSU AZUMA+AZUMA ARCHITECT & ASSOCIATES",1,3884,1680
"東孝光＋東環境・建築研究所",3,"AZUMA ARCHITECT & ASSOCIATES",1,5412,2360
"篠原聡子",2,"SATOKO SHINOHARA/SPATIAL DESIGN STUDIO",2,2279,1028
"篠原聡子",2,"SATOKO SHINOHARA/SPATIAL DESIGN STUDIO",2,3481,1504
"篠原聡子",2,"SATOKO SHINOHARA",1,2691,1187
"大野秀敏",2,"HIDETOSHI OHNO",2,2334,1058
"大野秀敏",2,"HIDETOSHI OHNO",2,7099,3203
"大野秀敏",2,"HIDETOSHI OHNO + ARCHITECTS & PLANNERS LEAGUE",1,4537,1943
"太宏設計事務所",3,"TAIKOH ARCHITECTURAL OFFICE",1,2888,1263
"太宏設計事務所",3,"TAIKO ARCHITECTURE OFFICE",1,5357,2336
"太宏設計事務所",3,"TAIKOU ARCHITECTURE OFFICE",1,8510,3946
"大阪市都市整備局営繕部",3,"OSAKA CITY URBAN DEVELOPMENT BUREAU, REPAIR DEPARTMENT",1,2920,1273
"大阪市都市整備局営繕部",3,"OSAKA CITY",1,4030,1756
"大阪市都市整備局営繕部",3,"MUNICIPAL FACILITY MAINTENANCE DIVISION, URBAN REDEVELOPMENT AND HOUSING BUREAU OSAKA CITY GOVERNMENT",1,4298,1856
"KS ARCHITECTS",2,"KS ARCHITECTS",2,3060,1326
"KS ARCHITECTS",2,"KS ARCHITECTS",2,7098,3202
"KS ARCHITECTS",2,"KS ARCHITECTS & ASSOCIATES",1,6073,2703
"小林克弘＋デザインスタジオ",2,"KATSUHIRO KOBAYASHI+DESIGN STUDIO",1,3080,1335
"小林克弘＋デザインスタジオ",2,"KATSUHIRO KOBAYASHI + DESIGN STUDIO",2,3081,1336
"小林克弘＋デザインスタジオ",2,"KATSUHIRO KOBAYASHI + DESIGN STUDIO",2,3308,1437
"宮本佳明",2,"KATSUHIRO MIYAMOTO",2,3409,1478
"宮本佳明",2,"KATSUHIRO MIYAMOTO",2,7231,3264
"宮本佳明",2,"RYUJI MIYAMOTO",1,3991,1731
"栗生明",2,"K. KURYU ARCHITECT & ASSOCIATES",1,3487,1508
"栗生明",2,"AKIRA KURYU",2,9495,4525
"栗生明",2,"AKIRA KURYU",2,9776,4679
"ほか",3,"OTHERS",1,3548,1525
"ほか",3,"AND OTHERS",1,4612,1983
"ほか",3,"ETC",1,5558,2432
"長坂大／MÉGA",2,"DAI NAGASAKA/MÉGA",2,3682,1582
"長坂大／MÉGA",2,"DAI NAGASAKA/MÉGA",2,4250,1837
"長坂大／MÉGA",2,"MÉGA",1,8587,3986
"熊谷組",3,"KUMAGAI CORPORATION",1,3708,1593
"熊谷組",3,"KUMAGAI GUMI",1,9088,4266
"熊谷組",3,"KUMAGAIGUMI DESIGN ARCHITECTS & ENGINEERS",1,10046,4828
"高松伸＋高松伸建築設計事務所",2,"SHIN TAKAMATSU ARCHITECT AND ASSOCIATES",1,3951,1713
"高松伸＋高松伸建築設計事務所",2,"SHIN TAKAMATSU + SHIN TAKAMATSU ARCHITECT AND ASSOCIATES",2,4366,1885
"高松伸＋高松伸建築設計事務所",2,"SHIN TAKAMATSU + SHIN TAKAMATSU ARCHITECT AND ASSOCIATES",2,4812,2055
"谷内田章夫／ワークショップ",2,"AKIO YACHIDA / WORKSHOP",1,4351,1878
"谷内田章夫／ワークショップ",2,"AKIO YACHIDA WORKSHOP",2,4875,2086
"谷内田章夫／ワークショップ",2,"AKIO YACHIDA WORKSHOP",2,5526,2414
"設計監理共同体",2,"JV",2,4361,1883
"設計監理共同体",2,"JV",2,6037,2682
"設計監理共同体",2,"PARTNERSHIP",1,9533,4544
"九州旅客鉄道",2,"KYUSHU RAILWAY COMPANY",2,4544,1949
"九州旅客鉄道",2,"KYUSHU RAILWAY COMPANY",2,6695,3010
"九州旅客鉄道",2,"JR KYUSYU RAILWAY COMPANY",1,9552,4555
"北山恒＋ARCHITECTURE WORKSHOP",2,"ARCHITECTURE WORKSHOP",2,4899,2100
"北山恒＋ARCHITECTURE WORKSHOP",2,"ARCHITECTURE WORKSHOP",2,6748,3030
"北山恒＋ARCHITECTURE WORKSHOP",2,"KOH KITAYAMA+ARCHITECTURE WORKSHOP",1,5347,2330
"八重樫直人＋ノルムナルオフィス",3,"NAOTO YAEGASHI + NORM NULL OFFICE",1,4964,2142
"八重樫直人＋ノルムナルオフィス",3,"NAOTO YAEGASHI+NORM NULL OFFICE",1,5142,2225
"八重樫直人＋ノルムナルオフィス",3,"NORM NULL OFFICE",1,8963,4193
"国土交通省関東地方整備局営繕部",2,"MINISTRY OF LAND, INFRASTRUCTURE AND TRANSPORT",2,5080,2192
"国土交通省関東地方整備局営繕部",2,"MINISTRY OF LAND, INFRASTRUCTURE AND TRANSPORT",2,5278,2296
"国土交通省関東地方整備局営繕部",2,"MINISTRY OF LAND INFRASTRUCTURE,TRANSPORT AND TOURISM. KANTO REGIONAL DEVELOPMENT BUREAU",1,7916,3616
"篠原聡子／空間研究所",2,"SPATIAL DESIGN STUDIO",2,5094,2199
"篠原聡子／空間研究所",2,"SPATIAL DESIGN STUDIO",2,5819,2569
"篠原聡子／空間研究所",2,"SATOKO SHINOHARA / SPATIAL DESIGN STUDIO",1,7578,3437
"シーラカンスK&H",2,"COELACANTH K&H",1,5143,2226
"シーラカンスK&H",2,"COELACANTH K&H ARCHITECTS",2,6711,3015
"シーラカンスK&H",2,"COELACANTH K&H ARCHITECTS",2,9657,4615
"遠藤政樹／EDH遠藤設計室",3,"ENDOH DESIGN HOUSE",1,5155,2234
"遠藤政樹／EDH遠藤設計室",3,"MASAKI ENDOH/ENDOH DESIGN HOUSE",1,6742,3029
"遠藤政樹／EDH遠藤設計室",3,"EDH ENDOH DESIGN HOUSE",1,7959,3648
"シーザーペリ",2,"CESAR PELLI & ASSOCIATES JAPAN INC. ARCHITECTS",1,5164,2237
"シーザーペリ",2,"CPA",2,5693,2498
"シーザーペリ",2,"CPA",2,7016,3161
"伊藤博之建築設計事務所",2,"HIROYUKI ITO ARCHITECT&ASSOCIATES",1,5320,2317
"伊藤博之建築設計事務所",2,"HIROYUKI ITO ARCHITECTS",2,7683,3500
"伊藤博之建築設計事務所",2,"HIROYUKI ITO ARCHITECTS",2,8327,3844
"池田昌弘／MIAS",3,"MASAHIRO IKEDA / MIAS",1,5352,2333
"池田昌弘／MIAS",3,"MASAHIRO IKEDA/MIAS",1,5466,2386
"池田昌弘／MIAS",3,"MASAHIRO IKEDA ARCHITECTURE STUDIO",1,5729,2521
"小泉誠",2,"KOIZUMI MAKOTO",2,5449,2379
"小泉誠",2,"KOIZUMI MAKOTO",2,9755,4668
"小泉誠",2,"MAKOTO KOIZUMI",1,5466,2386
"小嶋一浩＋赤松佳珠子／C＋A",3,"KAZUHIRO KOJIMA / KAZUKO AKAMATSU /C+A",1,5451,2380
"小嶋一浩＋赤松佳珠子／C＋A",3,"KAZUHIRO KOJIMA ,KAZUKO AKAMATSU / C+A",1,5552,2429
"小嶋一浩＋赤松佳珠子／C＋A",3,"KAZUHIRO KOJIMA + KAZUKO AKAMATSU/ C+A",1,5777,2547
"都市デザインシステム",2,"URBAN DESIGN SYSTEM",2,5524,2413
"都市デザインシステム",2,"URBAN DESIGN SYSTEM",2,6155,2745
"都市デザインシステム",2,"URBAN DESIGN SYSTEMS",1,6433,2868
"都市基盤整備公団東京支社",2,"URBAN INFRASTRUCTURE DEVELOPMENT CORPORATION",2,5526,2414
"都市基盤整備公団東京支社",2,"URBAN INFRASTRUCTURE DEVELOPMENT CORPORATION",2,5606,2458
"都市基盤整備公団東京支社",2,"URBAN DESIGN CORPORATION",1,5527,2415
"川辺直哉建築設計事務所",2,"KAWABE NAOYA ARCHITECTS",1,5600,2456
"川辺直哉建築設計事務所",2,"NAOYA KAWABE ARCHITECT AND ASSOCIATES",2,6540,2930
"川辺直哉建築設計事務所",2,"NAOYA KAWABE ARCHITECT AND ASSOCIATES",2,7153,3223
"原田真宏＋原田麻魚／MOUNT FUJI ARCHITECTS STUDIO",2,"MOUNT FUJI ARCHITECTS STUDIO",2,5659,2484
"原田真宏＋原田麻魚／MOUNT FUJI ARCHITECTS STUDIO",2,"MOUNT FUJI ARCHITECTS STUDIO",2,9486,4521
"原田真宏＋原田麻魚／MOUNT FUJI ARCHITECTS STUDIO",2,"MASAHIRO HARADA+MAO/MOUNT FUJI ARCHITECTS STUDIO",1,9129,4293
"西沢大良建築設計事務所",2,"TAIRA NISHIZAWA ARCHITECTS",2,5670,2489
"西沢大良建築設計事務所",2,"TAIRA NISHIZAWA ARCHITECTS",2,8654,4023
"西沢大良建築設計事務所",2,"TAIRA NISHIZAWA ARCHITECTS & ASSOCIATES",1,5722,2515
"中村竜治建築設計事務所",2,"RYUJI NAKAMURA & ASSOCIATES",2,6485,2896
"中村竜治建築設計事務所",2,"RYUJI NAKAMURA & ASSOCIATES",2,8898,4157
"中村竜治建築設計事務所",2,"RYUJI NAKAMURA ARCHITECTS",1,6870,3086
"三井デザインテック",2,"MITSUI DESIGN TECH",1,6582,2953
"三井デザインテック",2,"MITSUI DESIGNTEC",2,8858,4134
"三井デザインテック",2,"MITSUI DESIGNTEC",2,9023,4234
"インゲンホーフェン・アーキテクツ",2,"INGENHOVEN ARCHITEKTEN",1,6606,2966
"インゲンホーフェン・アーキテクツ",2,"INGENHOVEN ARCHITECTS",2,8403,3885
"インゲンホーフェン・アーキテクツ",2,"INGENHOVEN ARCHITECTS",2,9263,4377
"滋賀県立大学陶器浩一研究室",3,"HIROKAZU TOKI",1,6784,3043
"滋賀県立大学陶器浩一研究室",3,"TOKI.LAB.UNIV.OF SHIGA PREFECTURE",1,7236,3269
"滋賀県立大学陶器浩一研究室",3,"HIROKAZU TOKI LAB. UNIV OF SHIGA PREFECTURE",1,7636,3473
"池田設計",2,"IKEDA ARCHITECTS",2,6876,3091
"池田設計",2,"IKEDA ARCHITECTS",2,8836,4124
"池田設計",2,"IKEDA SEKKEI",1,8971,4200
"LAN",2,"LAN",1,7212,3250
"LAN",2,"LAN ARCHITECTURE NETWORK",2,9248,4367
"LAN",2,"LAN ARCHITECTURE NETWORK",2,9295,4396
"大西麻貴＋百田有希／O+H",2,"ONISHIMAKI+HYAKUDAYUKI / O+H",1,7241,3271
"大西麻貴＋百田有希／O+H",2,"ONISHIMAKI+HYAKUDAYUKI ARCHITECTS/O+H",2,8550,3969
"大西麻貴＋百田有希／O+H",2,"ONISHIMAKI+HYAKUDAYUKI ARCHITECTS/O+H",2,9968,4786
"西日本旅客鉄道",2,"WEST JAPAN RAILWAY COMPANY",2,7332,3316
"西日本旅客鉄道",2,"WEST JAPAN RAILWAY COMPANY",2,8399,3882
"西日本旅客鉄道",2,"JR WEST",1,9050,4244
"馬場正尊／OPEN A",2,"OPEN A",2,7358,3331
"馬場正尊／OPEN A",2,"OPEN A",2,7459,3378
"馬場正尊／OPEN A",2,"MASATAKA BABA / OPEN A",1,8992,4213
"安田幸一研究室",2,"KOICHI YASUDA LABORATORY",1,7366,3334
"安田幸一研究室",2,"YASUDA KOICHI LABORATORY",2,8783,4094
"安田幸一研究室",2,"YASUDA KOICHI LABORATORY",2,8784,4095
"竹口健太郎＋山本麻子／アルファヴィル",2,"ALPHAVILLE ARCHITECTS",1,7672,3495
"竹口健太郎＋山本麻子／アルファヴィル",2,"ALPHAVILLE ARCHITECTS / KENTARO TAKEGUCHI + ASAKO YAMAMOTO",2,8989,4210
"竹口健太郎＋山本麻子／アルファヴィル",2,"ALPHAVILLE ARCHITECTS / KENTARO TAKEGUCHI + ASAKO YAMAMOTO",2,9964,4783
"稲垣淳哉＋佐野哲史＋永井拓生＋堀英祐／EUREKA",2,"EUREKA",2,7897,3605
"稲垣淳哉＋佐野哲史＋永井拓生＋堀英祐／EUREKA",2,"EUREKA",2,9957,4781
"稲垣淳哉＋佐野哲史＋永井拓生＋堀英祐／EUREKA",2,"JUNYA INAGAKI+SATOSHI SANO+TAKUO NAGAI+EISUKE HORI /EUREKA",1,8926,4172
"アトリエ9建築研究所",2,"ATELIER9 ARCHITECTS & ASSOCIATES",2,7912,3614
"アトリエ9建築研究所",2,"ATELIER9 ARCHITECTS & ASSOCIATES",2,7954,3645
"アトリエ9建築研究所",2,"ATELIER9",1,8380,3871
"多田正治アトリエ",2,"TD-ATELLER",1,8458,3915
"多田正治アトリエ",2,"TADA MASAHARU ATELIER",2,8990,4211
"多田正治アトリエ",2,"TADA MASAHARU ATELIER",2,9306,4406
"井手健一郎／リズムデザイン",2,"KENICHIRO IDE / RHYTHMDESIGN",1,8475,3925
"井手健一郎／リズムデザイン",2,"RHYTHMDESIGN",2,9046,4243
"井手健一郎／リズムデザイン",2,"RHYTHMDESIGN",2,9685,4631
"スターツCAM",2,"STARTS CAM",2,8764,4082
"スターツCAM",2,"STARTS CAM",2,9682,4629
"スターツCAM",2,"STARTS CONSTRUCTION AND ASSET MANAGEMENT",1,9276,4385
"T E C O",2,"TECO",1,8997,4218
"T E C O",2,"T E C O",2,9057,4250
"T E C O",2,"T E C O",2,9453,4499
"長谷工コーポレーション エンジニアリング事業部",2,"DEPARTMENT OF ENGINEERING, HASEKO CORPORATION",1,9523,4538
"長谷工コーポレーション エンジニアリング事業部",2,"ENGINEERING DEPARTMENT, HASEKO CORPORATION",2,9750,4666
"長谷工コーポレーション エンジニアリング事業部",2,"ENGINEERING DEPARTMENT, HASEKO CORPORATION",2,9936,4772
"再生建築研究所",2,"SAISEIKENCHIKU LABORATORY",2,9600,4579
"再生建築研究所",2,"SAISEIKENCHIKU LABORATORY",2,10056,4834
"再生建築研究所",2,"SAISEI LABORATORY",1,9709,4644
"美建．設計事務所",2,"BIKEN. DESIGN OFFICE",1,37,36
"美建．設計事務所",2,"BIKEN. ACCOUNTING OFFICE",1,691,365
"保坂陽一郎建築研究所",2,"YOICHIRO HOSAKA ARCHITECT & ASSOCIATES",1,79,66
"保坂陽一郎建築研究所",2,"HOSAKA YOICHIRO ARCHITECTURAL INSTITUTE",1,398,241
"榎本建築設計事務所",2,"ENOMOTO ARCHITECTS",1,83,70
"榎本建築設計事務所",2,"ENOMOTO ARCHITECTURAL DESIGN OFFICE",1,3457,1497
"日新設計",2,"NISSHIN DESIGN",1,89,76
"日新設計",2,"NISSIN ARCHITECTS",1,8963,4193
"デザインシステム",2,"DESIGN SYSTEM INC.",1,112,93
"デザインシステム",2,"DESIGN SYSTEM",1,272,179
"山下和正建築研究所",2,"KAZUMASA YAMASHITA ARCHITECT AND ASSOCIATES",1,135,111
"山下和正建築研究所",2,"KAZUMASA YAMASHITA ARCHITECTURAL INSTITUTE",1,775,395
"伊東豊雄",2,"TOYO ITO & ASSOCIATES, ARCHITECTS",1,158,125
"伊東豊雄",2,"TOYO ITO",1,7235,3268
"長谷川逸子",2,"ITSUKO HASEGAWA ATELIER",1,172,135
"長谷川逸子",2,"ITSUKO HASEGAWA",1,3513,1514
"出江寛",2,"KAN IZUE ARCHITECT & ASSOCIATES",1,181,141
"出江寛",2,"KAN IZUE",1,1970,910
"相田武文設計研究所",2,"TAKEFUMI AIDA ARCHITECT & ASSOCIATES",1,184,142
"相田武文設計研究所",2,"TAKEFUMI AIDA DESIGN INSTITUTE",1,773,393
"宮脇檀建築研究室",2,"MAYUMI MIYAWAKI ARCHITECT AND ASSOCIATES",1,261,172
"宮脇檀建築研究室",2,"M. MIYAWAKI ARCHITECT AND ASSOCIATES",1,4004,1739
"渡辺豊和建築工房",2,"TOYOKAZU WATANABE ARCHITECT AND ASSOCIATES",1,270,177
"渡辺豊和建築工房",2,"TOYOKAZU WATANABE ARCHITECT STUDIO",1,1239,587
"富家建築事務所",2,"TOMIYA ARCHITECTS OFFICE",1,299,194
"富家建築事務所",2,"TOMIYA ARCHITECTS",1,1196,568
"光吉健次・茂木謙悟＋綜合建築設計研究所",2,"KENJI MITSUYOSHI, KENGO MOGI + SOGO KENCHIKU SEKKEI INC.",1,321,205
"光吉健次・茂木謙悟＋綜合建築設計研究所",2,"KENJI MITSUYOSHI, KENGO MOGI + SOHGOH ARCHITECTURAL DESIGN LABORATORY",1,322,206
"林寛治",2,"HAYASHI KANJI, JIA",1,333,214
"林寛治",2,"HAYASHI KANJI / STUDIO KA",1,7851,3586
"阿部勤／アルテック建築研究所",2,"TSUTOMU ABE/ARTEC ARCHITECTS & ENGINEERS, INC.",1,429,259
"阿部勤／アルテック建築研究所",2,"TSUTOMU ABE/ARTEC, ARCHITECTS & ASSOCIATES",1,4133,1798
"北海道建築設計監理",2,"HOKKAIDO ARCHITECTURAL DESIGN & SUPERVISION",1,436,264
"北海道建築設計監理",2,"DO SEKKEI",1,4416,1899
"教育施設研究所",2,"EDUCATIONAL FACILITIES RESEARCH INSTITUTE",1,436,264
"教育施設研究所",2,"EDUCATIONAL FACILITIES INSTITUTE",1,5280,2298
"RIA建築綜合研究所",2,"RIA ARCHITECTURAL RESEARCH INSTITUTE",1,526,296
"RIA建築綜合研究所",2,"RIA BUILDING RESEARCH INSTITUTE",1,1059,513
"東京都住宅局",2,"TOKYO METROPOLITAN GOVERNMENT HOUSING BUREAU",1,542,303
"東京都住宅局",2,"BUREAU OF HOUSING, TOKYO METROPOLITAN GOVERNMENT",1,1597,739
"森義純建築設計室",2,"YOSHINORI MORI + CORE ARCHITECTS & ASSOCIATES",1,580,324
"森義純建築設計室",2,"YOSHINORI MORI",1,6168,2752
"日本大学理工学部理工学研究所",2,"RESEARCH INSTITUTE FOR SCIENCE AND ENGINEERING, COLLEGE OF SCIENCE AND TECHNOLOGY, NIHON UNIVERSITY",1,582,325
"日本大学理工学部理工学研究所",2,"RESEARCH INSTITUTE OF SCIENCE & TECHNOLOGY NIHON UNIV",1,3733,1603
"吉田五十八研究室",2,"YOSHIDA 58 LABORATORY",1,670,357
"吉田五十八研究室",2,"ISOYA YOSHIDA LABORATORY",1,1612,749
"石井修／美建・設計事務所",2,"BIKEN DESIGN OFFICE. OSAMU ISHII",1,764,389
"石井修／美建・設計事務所",2,"OSAMU ISHII, BIKEN ARCHITECTURAL DESIGN OFFICE",1,1052,511
"環境・建築研究所",2,"ENVIRONMENT & BUILDING RESEARCH INSTITUTE",1,774,394
"環境・建築研究所",2,"DESIGN INSTITUTE OF LANDSCAPE & ARCHITECTURE",1,2954,1284
"長谷川紘都市・建築研究室",2,"HIROSHI HASEGAWA LABORATORY OF URBANISM AND ARCHITECTURE",1,871,432
"長谷川紘都市・建築研究室",2,"HIROSHI HASEGAWA",1,4779,2042
"アトリエ・アイ",2,"ATELIER EYE",1,907,446
"アトリエ・アイ",2,"T. ISHIKAWA",1,2583,1149
"増沢建築設計事務所",2,"MASUZAWA ARCHITECTS & ENGINEERS",1,935,459
"増沢建築設計事務所",2,"MASUZAWA ARCHITECT & ASSOCIATES",1,2774,1221
"エンドウプランニング",2,"ENDO PLANNING ARCHITECTS",1,963,471
"エンドウプランニング",2,"PEA PLANNING",1,964,472
"アトリエ・K",2,"ATELIER K ARCHITECT&ASSOCIATES",1,980,480
"アトリエ・K",2,"ATELIER. K ARCHITECTS & ASSOCIATES",1,2484,1115
"中森紫光建築工房",2,"NAKAMORI SHIKOU ARCHITECTS STUDIO",1,1001,489
"中森紫光建築工房",2,"SHIKO NAKAMORI & ASSOCIATES",1,4589,1971
"上田篤",2,"ATSUSHI UEDA",1,1011,496
"上田篤",2,"ATSUSHI UEDA + ATELIER OF URBANISM",1,4297,1855
"松本陽一設計事務所",2,"MATSUMOTO YOICHI DESIGN OFFICE",1,1031,502
"松本陽一設計事務所",2,"Y. MATSUMOTO",1,2583,1149
"山下司建築研究所",2,"TSUKASA YAMASHITA ARCHITECTS & ENGINEERS",1,1150,551
"山下司建築研究所",2,"TSUKASA YAMASHITA ARCHITECTURAL INSTITUTE",1,1642,761
"YAS都市研究所・橋本文隆",2,"FUMITAKA HASHIMOTO, YAS URBAN RESEARCH INSTITUTE",1,1158,556
"YAS都市研究所・橋本文隆",2,"YAS URBAN RESEARCH INSTITUTE-FUMITAKA HASHIMOTO",1,1479,696
"住宅・都市整備公団東京支社",2,"HOUSING AND URBAN DEVELOPMENT CORPORATION TOKYO BRANCH OFFICE",1,1233,584
"住宅・都市整備公団東京支社",2,"HOUSING & URBAN DEVELOPMENT CORPORATION, TOKYO BRANCH",1,3983,1727
"末吉栄三計画研究室",2,"EIZO SUEYOSHI PLANNING LABORATORY",1,1282,610
"末吉栄三計画研究室",2,"SUEYOSHI EIZO ARCHITECT & PARTNERS",1,2455,1101
"村田政真建築設計事務所",2,"MASAMASA MURATA ARCHITECTURAL DESIGN OFFICE",1,1347,642
"村田政真建築設計事務所",2,"MASAMASA MURATA ARCHITECTS",1,1871,873
"ヘキサ",2,"HEXA",1,1356,648
"ヘキサ",2,"HEXA ARCHITECTS & ASSOCIATES",1,2967,1291
"静岡設計連合",2,"SHIZUOKA DESIGN FEDERATION",1,1452,684
"静岡設計連合",2,"SHIZUOKA SEKKEI RENGO",1,1949,903
"浦辺建築事務所・松村慶三",2,"KEIZO MATSUMURA, URABE ARCHITECTS & ENGINEERS",1,1516,709
"浦辺建築事務所・松村慶三",2,"KEIZO MATSUMURA, URABE ARCHITECTS OFFICE",1,1648,764
"京都大学加藤研究室",2,"KATO LABORATORY, KYOTO UNIVERSITY",1,1550,719
"京都大学加藤研究室",2,"KYOTO UNIVERSITY ATELIER KATO",1,3223,1398
"丹羽建築設計事務所",2,"HIDEKI NIWA ARCHITECTS & ASSOCIATES",1,1567,725
"丹羽建築設計事務所",2,"NIWA ARCHITECTS & ASSOCIATES",1,4020,1749
"環境設計",2,"ENVIRONMENTAL DESIGN",1,1593,736
"環境設計",2,"ARCHITECTURAL DESIGN21",1,3207,1389
"日本大学理工学研究所",2,"RESEARCH INSTITUTE FOR SCIENCE AND TECHNOLOGY, NIHON UNIVERSITY",1,1619,750
"日本大学理工学研究所",2,"RESEARCH INSTITUTE OF SCIENCE AND TECHNOLOGY NIHON UNIV.",1,4107,1789
"川崎市建築局",2,"KAWASAKI CITY BUILDING BUREAU",1,1642,761
"川崎市建築局",2,"KAWASAKI CITY BUILDING DEPARTMENT",1,1643,762
"白井晟一研究所・白井昱磨",2,"SHIRAI CHENICHI RESEARCH INSTITUTE SHIRAI KUMA",1,1663,772
"白井晟一研究所・白井昱磨",2,"SEI'ICHI SHIRAI ARCHITECTURE LABORATORY-IKUMA SHIRAI",1,2686,1184
"三島設計事務所",2,"MISHIMA DESIGN OFFICE",1,1664,773
"三島設計事務所",2,"MISHIMA ARCHITECT & ASSOCIATES",1,2567,1143
"建設大臣官房官庁営繕部",2,"GOVERNMENT OFFICE REPAIR DEPARTMENT, CONSTRUCTION MINISTER'S SECRETARIAT",1,1720,807
"建設大臣官房官庁営繕部",2,"GOVERNMENT BUILDINGS DEPARTMENT. MINISTRY OF CONSTRUCTION",1,3344,1459
"NTT建築部",2,"NTT BUILDING ENGINEERING DEPARTMENT",1,1730,811
"NTT建築部",2,"NIPPON TELEGRAPH AND TELEPHONE",1,3205,1387
"二基建築設計室",2,"NIKI ARCHITECTURAL DESIGN OFFICE",1,1789,838
"二基建築設計室",2,"NIKI & ARCHITECTS ENGINEERS ASSOCIATES",1,6393,2845
"神戸大学重村研究室",2,"KOBE UNIVERSITY SHIGEMURA LABORATORY",1,1828,853
"神戸大学重村研究室",2,"SHIGEMURA LABORATORY",1,3065,1329
"群建築研究所",2,"GUNCHIKU KENCHIKU KENKYUSHO",1,1894,884
"群建築研究所",2,"A. OGATA",1,2583,1149
"柴田いづみ建築設計",2,"IZUMI SHIBATA ARCHITECT'S ATELIER",1,1980,917
"柴田いづみ建築設計",2,"ATELIER IZUMI SHIBATA",1,2265,1022
"プランテック総合計画事務所",2,"PLANTECH GENERAL PLANNING OFFICE",1,2061,950
"プランテック総合計画事務所",2,"PLANTEC ARCHITECTS",1,2433,1092
"大江匡",2,"TADASU OHE",1,2061,950
"大江匡",2,"TADASU OHE/PLANTEC",1,3516,1515
"室伏次郎",2,"JIRO MUROFUSHI",1,2129,968
"室伏次郎",2,"MUROFUSHI JIROH/STUDIO ARTEC +SDA ARCHITECTS & ASSOCIATES",1,3198,1383
"大林組東京本社",2,"OBAYASHI CORPORATION TOKYO HEAD OFFICE",1,2148,978
"大林組東京本社",2,"OBAYASHI CORPORATION",1,2839,1238
"圓山彬雄",2,"AKIO MARUYAMA",1,2205,1001
"圓山彬雄",2,"URB. ARCHITECTURAL WORK SHOP CO., LTD",1,4295,1854
"田中光",2,"HIKARU TANAKA",1,2211,1005
"田中光",2,"H.TANAKA",1,2715,1198
"水野一郎",2,"ICHIRO MIZUNO",1,2211,1005
"水野一郎",2,"I.MIZUNO",1,2715,1198
"京都大学施設部",2,"KYOTO UNIVERSITY",1,2229,1013
"京都大学施設部",2,"KYOTO UNIVERSITY FACILITIES DEPARTMENT",1,5104,2204
"北山孝二郎",2,"KOJIRO KITAYAMA+K ARCHITECT & ASSOCIATES",1,2286,1033
"北山孝二郎",2,"KOJIRO KITAYAMA",1,2869,1254
"野沢正光",2,"MASAMITSU NOZAWA",1,2300,1039
"野沢正光",2,"MASAMITSU NOZAWA BUILDING WORKSHOP",1,7118,3213
"アプル総合計画事務所",2,"A.P.L",1,2334,1058
"アプル総合計画事務所",2,"ARCHITECTS & PLANNERS LEAGUE",1,4536,1942
"建設省近畿地方建設局営繕部",2,"KINKI REGIONAL CONSTRUCTION BUREAUS. GOVERNMENT BUILDING DEPARTMENT",1,2798,1225
"建設省近畿地方建設局営繕部",2,"MINISTRY OF CONSTRUCTION, KINKI REGIONAL CONSTRUCTION BUREAU, REPAIR DEPARTMENT",1,4777,2041
"杉本洋文",2,"HIROFUMI SUGIMOTO",1,2818,1229
"杉本洋文",2,"HIROFUMI SUGIMOTO/KEIKAKU",1,4001,1738
"環境システム研究所",2,"ESCO ENVIRONMENTAL SYSTEMS CONSULTATIONS AND ORGANIZATION",1,2963,1289
"環境システム研究所",2,"ENVIRONMENTAL SYSTEMS RESEARCH INSTITUTE",1,6010,2663
"長坂大",2,"NAGASAKA DAI/MEGA",1,3102,1342
"長坂大",2,"DAI NAGASAKA",1,8752,4073
"富山県建築設計監理協同組合",2,"TOYAMA PREFECTURE ARCHITECTURE DESIGN MANAGEMENT COOPERATIVE ASSOCIATION",1,3272,1413
"富山県建築設計監理協同組合",2,"TOTAL ARCHITECTS COMMUNITY TOYAMA",1,3705,1590
"松永安光",2,"MODERN ARCHITECTURE INSTITUTE",1,3296,1431
"松永安光",2,"YASUMITSU MATSUNAGA",1,3513,1514
"藤木隆男建築研究所",2,"TAKAO FUJIKI ATELIER, INC. ARCHITECTS",1,3337,1456
"藤木隆男建築研究所",2,"FUJIKI TAKAO ATELIER",1,3394,1476
"黒川雅之",2,"MASAYUKI KUROKAWA",1,3339,1458
"黒川雅之",2,"MASAYUKI KUROKAWA ARCHITECT & ASSOCIATES",1,3684,1583
"鈴木恂",2,"MAKOTO SUZUKI + AMS ARCHITECTS",1,3430,1487
"鈴木恂",2,"MAKOTO SUZUKI",1,4835,2070
"内井昭蔵",2,"S. UCHII+UCHII ARCHITECT",1,3432,1489
"内井昭蔵",2,"SHOZO UCHI",1,4181,1811
"野沢誠",2,"MAKOTO NOZAWA+GETT",1,3482,1505
"野沢誠",2,"MAKOTO NOZAWA",1,9782,4682
"中川建築設計事務所",2,"NAKAGAWA ARCHITECTS OFFICE",1,3531,1519
"中川建築設計事務所",2,"NAKAGAWA ARCHITECT OFFICE",1,7202,3244
"マエダ",2,"MAEDA ENGINEERING CORPORATION",1,3546,1523
"マエダ",2,"MAEDA",1,4079,1775
"鈴木一級建築士事務所",2,"SUZUKI ARCHITECTS",1,3547,1524
"鈴木一級建築士事務所",2,"SUZUKI ARCHITECT OFFICE",1,9384,4451
"SDA",2,"STUDIO DI ARCHITETTURA",1,3576,1540
"SDA",2,"SDA & ASSOCIATES",1,7758,3543
"環境建築設計事務所",2,"ENVIRONMENTAL DESIGN & ASSOCIATES",1,3595,1549
"環境建築設計事務所",2,"KANKYOU ARCHITECTURAL DESIGN OFFICE",1,5193,2248
"五洋建設",2,"PENTA-OCEAN CONSTRUCTION INSTITUTE OF TECHNOLOGY",1,3692,1586
"五洋建設",2,"PENTA-OCEAN CONSTRUCTION",1,9667,4621
"曽根幸一",2,"K.SONE&ENVIRONMENTAL DESIGN ASSOCIATES",1,3711,1594
"曽根幸一",2,"K. SONE + ENVIRONMENTAL DESIGN ASSOCIATES",1,4105,1788
"米田明／アーキテクトン",2,"ARCHITECTON",1,3812,1641
"米田明／アーキテクトン",2,"AKIRA YONEDA / ARCHITECTON",1,5100,2202
"浅井謙建築研究所",2,"KEN ASAI ARCHITECTURAL RESEARCH",1,3870,1674
"浅井謙建築研究所",2,"ASAI KEN ARCHITECTURAL RESEARCH INC.",1,7875,3595
"宮本隆司",2,"KATSUHIRO MIYAMOTO",1,3991,1731
"宮本隆司",2,"TAKASHI MIYAMOTO",1,6163,2749
"都市計画設計研究所",2,"URBAN PLANNING & DESIGN INSTITUTE CORPORATION",1,4103,1786
"都市計画設計研究所",2,"URBAN PLANNING & DESIGN INSTITUTE",1,4313,1863
"石田敏明建築設計事務所",2,"TOSHIAKI ISHIDA & ASSOCIATES",1,4144,1800
"石田敏明建築設計事務所",2,"TOSHIAKI ISHIDA ARCHITECTS & ASSOCIATES",1,8007,3671
"坂倉・滋賀設監共同設計事務所",2,"SAKAKURA ASSOCIATES ARCHITECTS AND ENGINEERS",1,4180,1810
"坂倉・滋賀設監共同設計事務所",2,"SAKAKURA ASSOSIATES ARCHITECTS AND ENGINEERS",1,4181,1811
"内田文雄／龍環境計画",2,"FUMIO UCHIDA / ATELIER RYU",1,4385,1888
"内田文雄／龍環境計画",2,"ATELIER RYU",1,9211,4343
"北九州市建築都市局建築部",2,"CITY OF KITAKYUSHU",1,4451,1908
"北九州市建築都市局建築部",2,"BUILDING AND CITY PLANNING BUREAU CITY OF KITAKYUSHU",1,5482,2396
"伊藤寛アトリエ",2,"HIROSHI ITO ATELIER",1,4507,1933
"伊藤寛アトリエ",2,"HIROSHI ITO ATELIER ARCHITECTS STUDIO",1,8787,4097
"西森啓史建築研究所",2,"KEISHI NISHIMORI ARCHITECT & ASSOCIATES",1,4560,1959
"西森啓史建築研究所",2,"NISHIMORI KEISHI ARCHITECT & ASSOCIATES",1,6434,2869
"建設省関東地方建設局営繕部",2,"MINISTRY OF CONSTRUCTION",1,4586,1968
"建設省関東地方建設局営繕部",2,"MINISTRY OF CONSTRUCTION,KANTO DIVISION CONSTRUCTION BUREAU",1,4825,2063
"茨城県土木部営繕課",2,"IBARAKI PREFECTURAL GOVERNMENT",1,4611,1982
"茨城県土木部営繕課",2,"IBARAKI PREFECTURE",1,5277,2295
"岡山県設計技術センター",2,"OKAYAMA SEKKEI GIJUTSU CENTER",1,4633,1992
"岡山県設計技術センター",2,"OKAYAMA SEKKEI GIJYUTU CENTER",1,5874,2593
"松永安光／近代建築研究所",2,"YASUMITSU MATSUNAGA/MODERN ARCHITECTURE INSTITUTE",1,4759,2032
"松永安光／近代建築研究所",2,"YASUMITSU MATSUNAGA",1,6413,2858
"川久保玲",2,"REI KAWAKUBO",1,4770,2038
"川久保玲",2,"REI KAWAKABO",1,5401,2356
"東京工業大学建築学科塚本研究室",2,"T.I.T. TSUKAMOTO LAB.",1,4796,2049
"東京工業大学建築学科塚本研究室",2,"T.I.TTSUKAMOTO/LAB",1,5111,2207
"坂本昭・設計工房CASA",2,"AKIRA SAKAMOTO ARCHITECT & ASSOCIATES",1,4804,2053
"坂本昭・設計工房CASA",2,"AKIRA SAKAMOTO ARCHITECT & ASSOCIATES CASA",1,4937,2120
"マナ建築設計室",2,"MANAS ARCHITECTS & ASSOCIATES",1,4932,2118
"マナ建築設計室",2,"MANAS A&A",1,8014,3674
"工藤和美＋堀場弘／シーラカンスK&H",2,"COELACANTH K&H ARCHITECTS",1,4944,2126
"工藤和美＋堀場弘／シーラカンスK&H",2,"KAZUMI KUDO+HIROSHI HORIBA/COELACANTH K&H ARCHITECTS",1,7714,3520
"安藤設計",2,"ANDO ARCHITECTURE DESIGN OFFICE",1,4947,2129
"安藤設計",2,"ANDO ARCHITECTURAL DESIGN OFFICE",1,9450,4498
"同済大学建築設計研究院",2,"ARCHITECTURAL DESIGN & RESEARCH INSTITUTION OF TONGJI UNIVERSITY",1,5076,2189
"同済大学建築設計研究院",2,"ARCHITECTURAL DESIGN & RESEARCH INSTITUTE OF TONGJI UNIVERASITY",1,8041,3687
"村上晶子アトリエ",2,"AKIKO MURAKAMI ATELIER ARCHITECTS AND ASSOCIATES",1,5254,2280
"村上晶子アトリエ",2,"AKIKO MURAKAMI ATELIER",1,5863,2590
"大阪市住宅局営繕部",2,"OSAKA CITY HOUSING AND BUILDING BUREAU,MUNICIPAL FACILITY MAINTENANCCE DIVISION",1,5259,2284
"大阪市住宅局営繕部",2,"OSAKA CITY",1,5264,2287
"大林組東京本社一級建築士事務所",2,"OBAYASHI CORPORATION TOKYO OFFICE,FIRST-ARCHITECT OFFICE",1,5260,2285
"大林組東京本社一級建築士事務所",2,"OBAYASHI CORPORATION TOKYO HEAD OFFICE FIRST CLASS REGISTERED ARCHITECT OFFICE",1,6107,2721
"国土交通省関東地方整備局",2,"MINISTRY OF CONSTRUCTION",1,5280,2298
"国土交通省関東地方整備局",2,"KANTO REGIONAL DEVELOPMENT BUREAU",1,5369,2338
"湯澤正信／湯澤建築設計研究所",2,"MASANOBU YUZAWA&ASSOCIATES",1,5310,2313
"湯澤正信／湯澤建築設計研究所",2,"MASANOBU YUZAWA / YUZAWA ARCHITECTS & ENGINEERS",1,5967,2638
"小杉栄次郎＋内海彩／KUS",2,"EIJIRO KOSUGI+AYA UTSUMI/KUS",1,5339,2327
"小杉栄次郎＋内海彩／KUS",2,"KUS",1,7891,3603
"重村力＋TEAM ZOO いるか設計集団",2,"TEAM ZOO ATELIER IRUKA",1,5377,2342
"重村力＋TEAM ZOO いるか設計集団",2,"TEAM ZOO ATELIER IRUKA  AND  TSUTOMU SHIGEMURA",1,6868,3084
"奥山信一研究室",2,"SHINICHI-OKUYAMA ARCHITECTURAL STUDIO",1,5442,2374
"奥山信一研究室",2,"SHIN-ICHI OKUYAMA ARCHITECTURAL STUDIO",1,5710,2508
"阪根宏彦計画設計事務所",2,"HIROHIKO SAKANE PLANNERS / ARCHITECTS",1,5498,2403
"阪根宏彦計画設計事務所",2,"HIROHIKO SAKANE",1,6546,2935
"山下昌彦＋UG都市建築",2,"UG TOSHI KENCHIKU",1,5631,2465
"山下昌彦＋UG都市建築",2,"YAMASHITA MASAHIKO+UG TOSHI KENCHIKU",1,6066,2699
"アトリエ・天工人",2,"YASUHIRO YAMASHITA/ ATELIER TEKUTO",1,5677,2491
"アトリエ・天工人",2,"ATELIER TEKUTO",1,7639,3475
"エー・アンド・エー総合設計",2,"A&A ARCHITECT'S OFFICE",1,5749,2532
"エー・アンド・エー総合設計",2,"AA TOTAL ARCHITECTURE DESIGN ENGINEER'S",1,6618,2972
"CATHERINE MOSBACH",2,"MOSBACH",1,5902,2608
"CATHERINE MOSBACH",2,"CATHERINE MOSBACH",1,7617,3462
"長岡勉／POINT",2,"POINT",1,6057,2696
"長岡勉／POINT",2,"BEN NAGAOKA/POINT",1,6475,2890
"東京大学木質材料学研究室",2,"LABORATORY OF WOOD-BASED MATERIALS AND TIMBER ENGINEERING,  THE UNIVERSITY OF TOKYO",1,6113,2725
"東京大学木質材料学研究室",2,"LAB. OF WOODBASED MATERIALS & TIMBER ENGINEERING",1,6584,2954
"スキーマ建築計画",2,"SCHEMATA ARCHITECTURE OFFICE",1,6177,2757
"スキーマ建築計画",2,"SCHEMATA ARCHITECTS",1,9160,4310
"平田晃久",2,"AKIHISA HIRATA ARCHITECTURE OFFICE",1,6351,2822
"平田晃久",2,"AKIHISA HIRATA",1,6934,3121
"HTA研究会（鴨ツトム 北田修治 芹沢高志 竹嶋一郎 戸室太一 名和研二 渡辺邦夫）",2,"THE HTA ASSOCIATION",1,6367,2831
"HTA研究会（鴨ツトム 北田修治 芹沢高志 竹嶋一郎 戸室太一 名和研二 渡辺邦夫）",2,"HTA STUDY GROUP (KAMO TSUTOMU, SHUJI KITADA, TAKASHI SERIZAWA, ICHIRO TAKESHIMA, TAICHI TOMURO, KENJI NAWA, KUNIO WATANABE)",1,6415,2859
"積水化学工業住宅カンパニー都市開発",2,"URBAN DEVELOPMENT BUSINESS PROMOTION DEPARTMENT OF HOUSING COMPANY SEKISUI CHEMICAL CO., LTD.",1,6367,2831
"積水化学工業住宅カンパニー都市開発",2,"SEKISUI CHEMICAL HOUSING COMPANY URBAN DEVELOPMENT",1,6415,2859
"川人洋志／川人建築設計事務所",2,"HIROSHI KAWAHITO/KAWAHITO ARCHITECTS",1,6441,2874
"川人洋志／川人建築設計事務所",2,"KAWAHITO ARCHITECTS",1,6585,2955
"小泉雅生／小泉アトリエ",2,"MASAO KOIZUMI / KOIZUMI ATELIER",1,6478,2892
"小泉雅生／小泉アトリエ",2,"MASAO KOIZUMI / KOIZUMI",1,6920,3116
"オンデザインパートナーズ",2,"ONDESIGN PARTNERS",1,6669,2997
"オンデザインパートナーズ",2,"ONDESIGN",1,7621,3465
"上海建築設計研究院",2,"SHAGHAI INSTITUTE OF ARCHITECTURAL DESIGN & RESEARCH",1,6682,3003
"上海建築設計研究院",2,"SIADR",1,8413,3891
"今川憲英／TIS&PARTNERS",2,"NORIHIDE IMAGAWA/TIS&PARTNERS",1,6787,3046
"今川憲英／TIS&PARTNERS",2,"TIS&PARTNERS",1,7408,3349
"細矢仁建築設計事務所",2,"JIN HOSOYA & ASSOCIATES",1,6845,3070
"細矢仁建築設計事務所",2,"JIN HOSOYA ARCHITECT & ASSOCIATES",1,9490,4523
"市浦",2,"ICHIURA",1,6954,3129
"市浦",2,"ICHIURA HOUSING&PLANNING",1,7261,3283
"みのべ設計",2,"MINOBE DESIGN",1,6954,3129
"みのべ設計",2,"MINOBE ARCHITECTS OFFICE",1,7261,3283
"横浜国立大学施設部",2,"YOKOHAMA NATIONAL UNIVERSITY",1,7004,3155
"横浜国立大学施設部",2,"YOKOHAMA NATIONAL UNIVERSITY FACILITIES DEPARTMENT",1,8398,3881
"筑波大学貝島研究室",2,"KAIJIMA LAB. UNIVERSITY OF TSUKUBA",1,7053,3182
"筑波大学貝島研究室",2,"MOMOYO KAIJIMA LAB, UNIVERSITY OF TSUKUBA",1,8525,3954
"日本郵政一級建築士事務所",2,"JAPAN POST HOLDINGS FACILITY MANAGEMENT DEPARTMENT",1,7091,3197
"日本郵政一級建築士事務所",2,"JAPAN POST HOLDINGS",1,10052,4831
"渡辺真理＋木下庸子＋山口智久／設計組織ADH",2,"MAKOTO WATANABE + YOKO KINOSHITA + TOMOHISA YAMASHITA/ADH ARCHITECTS",1,7199,3242
"渡辺真理＋木下庸子＋山口智久／設計組織ADH",2,"ADH ARCHITECTS",1,7452,3372
"日本大学工学部浦部智義研究室",2,"URABE LABORATORY,COLLEGE OF ENGINEERING,NIHON UNIVERSITY",1,7233,3266
"日本大学工学部浦部智義研究室",2,"TOMOYOSHI URABE LABORATORY, COLLEGE OF ENGINEERING, NIHON UNIVERSITY",1,9989,4800
"星田逸郎空間都市研究所",2,"ITSURO HOSHIDA ARCHITECT'S & URBAN PLANNER'S OFFICE",1,7358,3331
"星田逸郎空間都市研究所",2,""ITSURO HOSHIDA ARCHITECTS OFFICE\"""",1,8438,3902
"堀越英嗣 ARCHITECT 5",2,"HIDETSUGU HORIKOSHI ARCHITECT 5 + SHIMIZU CORPORATION DESIGN DIVISION",1,7421,3357
"堀越英嗣 ARCHITECT 5",2,"HIDETSUGU HORIKOSHI ARCHITECT 5",1,7700,3511
"東北大学工学研究科キャンパスデザイン復興推進室",2,"CAMPUS DESIGN RECONSTRUCTION PROMOTION OFFICE, GRADUATE SCHOOL OF ENGINEERING, TOHOKU UNIVERSITY",1,7581,3440
"東北大学工学研究科キャンパスデザイン復興推進室",2,"CAMPUS DESIGN RECONSTRUCTION OFFICE, GRADUATE SCHOOL OF ENGINEERING, TOHOKU UNIVERSITY",1,7582,3441
"宗本晋作建築設計事務所",2,"SHINSAKU MUNEMOTO ARCHITECTS & ASSOCIATES",1,7590,3446
"宗本晋作建築設計事務所",2,"SHINSAKU MUNEMOTO & ASSOCIATES,ARCHITECTS",1,9777,4680
"武松幸治＋E.P.A環境変換装置建築研究所",2,"ENVIRONMENTAL PROTECTION ARCHITECTURAL INSTITUTE",1,7660,3488
"武松幸治＋E.P.A環境変換装置建築研究所",2,"YUKIHARU TAKEMATSU + E.P.A",1,7747,3537
"常山未央／MNM",2,"MIO TSUNEYAMA / MNM",1,7889,3602
"常山未央／MNM",2,"MNM",1,9861,4727
"U.A建築研究室",2,"U.A ARCHITECTURAL LABORATORY",1,8083,3705
"U.A建築研究室",2,"U.A ARCHITECT",1,8084,3706
"小原賢一＋深川礼子／OFA",2,"KENICHI OHARA + REIKO FUKAGAWA / OFA",1,8294,3824
"小原賢一＋深川礼子／OFA",2,"OFA",1,9822,4704
"京都大学平田晃久研究室",2,"KYOTO UNIVERSITY",1,8303,3829
"京都大学平田晃久研究室",2,"AKIHISA HIRATA LABORATORY, KYOTO UNIVERSITY",1,8785,4096
"古澤大輔／リライト_D",2,"REWRITE_D",1,8451,3912
"古澤大輔／リライト_D",2,"DAISUKE FURUSAWA / REWRITE_D",1,8802,4106
"内藤廣",2,"HIROSHI NAITO",1,8540,3963
"内藤廣",2,"NAITO ARCHITECT & ASSOCIATES",1,9611,4588
"塚越智之＋宮下淳平／塚越宮下設計",2,"TOMOYUKITSUKAGOSHI + JUMPEI MIYASHITA + TSUKAGOSHI MIYASHITA SEKKEI",1,8606,4000
"塚越智之＋宮下淳平／塚越宮下設計",2,"TSUKAGOSHI MIYASHITA SEKKEI",1,8992,4213
"ライト設計",2,"RAITO SEKKEI",1,8717,4057
"ライト設計",2,"RAITO ARCHITECTURE",1,9214,4344
"元木大輔／DDAA",2,"DDAA/DAISUKE MOTOGI DESIGN AND ARCHITECTURE",1,8818,4114
"元木大輔／DDAA",2,"DDAA",1,9663,4619
"伊藤孝紀／タイプ・エービー",2,"TAKANORI ITO/TYPE A / B",1,8897,4156
"伊藤孝紀／タイプ・エービー",2,"TYPE A/B",1,10020,4816
"オンデザイン",2,"ONDESIGN PARTNERS",1,8933,4178
"オンデザイン",2,"ONDESIGN",1,10161,4889
"明るい部屋",2,"AKARUIHEYA",1,9141,4298
"明るい部屋",2,"AKARUIHEYA+AKARUI.CO.JP",1,9142,4299
